<?xml version="1.0" encoding="UTF-8"?>
<con:soapui-project id="5d889cd1-d77b-4a7a-9d07-71d4e3d2212c" activeEnvironment="Default" name="REST Project 1" resourceRoot="${projectDir}" soapui-version="5.7.0" abortOnError="false" runType="SEQUENTIAL" xmlns:con="http://eviware.com/soapui/config"><con:settings/><con:interface xsi:type="con:RestService" id="1b7e8c6d-51b2-4fce-ad62-3a2d157c7df6" wadlVersion="http://wadl.dev.java.net/2009/02" name="https://ecommerceservice.herokuapp.com" type="rest" xmlns:xsi="http://www.w3.org/2001/XMLSchema-instance"><con:settings/><con:definitionCache type="TEXT" rootPart=""/><con:endpoints><con:endpoint>https://ecommerceservice.herokuapp.com</con:endpoint></con:endpoints><con:resource name="Signup" path="/user/signup" id="7c7c31d3-4172-406d-bc9f-bc9f1c4035e8"><con:settings/><con:parameters/><con:method name="Signup 1" id="2a295fc5-7c4a-43ec-8828-2bdec81e00e7" method="POST"><con:settings/><con:parameters/><con:representation type="REQUEST"><con:mediaType>application/json</con:mediaType><con:params/></con:representation><con:representation type="RESPONSE"><con:mediaType>application/json; charset=utf-8</con:mediaType><con:status>201</con:status><con:params/><con:element xmlns:sig="https://ecommerceservice.herokuapp.com/user/signup">sig:Response</con:element></con:representation><con:representation type="FAULT"><con:mediaType>application/json; charset=utf-8</con:mediaType><con:status>400 500</con:status><con:params/><con:element xmlns:sig="https://ecommerceservice.herokuapp.com/user/signup">sig:Fault</con:element></con:representation><con:request name="signup" id="9d575b08-df0c-4344-b85f-b28b457ce318" mediaType="application/json" postQueryString="false"><con:settings><con:setting id="com.eviware.soapui.impl.wsdl.WsdlRequest@request-headers">&lt;xml-fragment/></con:setting></con:settings><con:endpoint>https://ecommerceservice.herokuapp.com</con:endpoint><con:request>{
	"email": "tanvi71@gmail.com",
	"password": "tanvi@123"
}
</con:request><con:originalUri>https://ecommerceservice.herokuapp.com/user/signup</con:originalUri><con:credentials><con:authType>No Authorization</con:authType></con:credentials><con:jmsConfig JMSDeliveryMode="PERSISTENT"/><con:jmsPropertyConfig/><con:parameters/></con:request></con:method></con:resource></con:interface><con:interface xsi:type="con:RestService" id="0b27832d-8d9a-482b-a3cd-0fb88b64f31c" wadlVersion="http://wadl.dev.java.net/2009/02" name="https://ecommerceservice.herokuapp.com" type="rest" xmlns:xsi="http://www.w3.org/2001/XMLSchema-instance"><con:settings/><con:definitionCache type="TEXT" rootPart=""/><con:endpoints><con:endpoint>https://ecommerceservice.herokuapp.com</con:endpoint></con:endpoints><con:resource name="Login" path="/user/login" id="129ef290-2698-461c-ae1c-3b56c16fb069"><con:settings/><con:parameters/><con:method name="Login 1" id="32e63b9d-4423-476a-8496-517b1c946cb9" method="POST"><con:settings/><con:parameters/><con:representation type="REQUEST"><con:mediaType>application/json</con:mediaType><con:params/></con:representation><con:representation type="RESPONSE"><con:mediaType>application/json; charset=utf-8</con:mediaType><con:status>200</con:status><con:params/><con:element xmlns:log="https://ecommerceservice.herokuapp.com/user/login">log:Response</con:element></con:representation><con:representation type="FAULT"><con:mediaType>application/json; charset=utf-8</con:mediaType><con:status>500</con:status><con:params/><con:element xmlns:log="https://ecommerceservice.herokuapp.com/user/login">log:Fault</con:element></con:representation><con:request name="login" id="863d5c7e-2e4f-4ff6-aa6c-a29170d842f8" mediaType="application/json" postQueryString="false"><con:settings><con:setting id="com.eviware.soapui.impl.wsdl.WsdlRequest@request-headers">&lt;entry key="Authorization" value="bearer eyJhbGciOiJIUzI1NiIsInR5cCI6IkpXVCJ9.eyJfaWQiOiI2MjI3MGJjNzYyNTk4NDAwMTc0NWJmNjQiLCJpYXQiOjE2NDY3MjYyNjUsImV4cCI6MTY0NjgxMjY2NX0.vpmSPikSCFNm68UTMw1ZmzM8cJzQb7J4M5qFA6GClE4" xmlns="http://eviware.com/soapui/config"/></con:setting></con:settings><con:endpoint>https://ecommerceservice.herokuapp.com</con:endpoint><con:request>{
	"email": "tanvi71@gmail.com",
	"password": "tanvi@123"
}
</con:request><con:originalUri>https://ecommerceservice.herokuapp.com/user/login</con:originalUri><con:credentials><con:authType>No Authorization</con:authType></con:credentials><con:jmsConfig JMSDeliveryMode="PERSISTENT"/><con:jmsPropertyConfig/><con:parameters/></con:request></con:method></con:resource></con:interface><con:interface xsi:type="con:RestService" id="bec5f3ce-aba5-47ae-9a4f-cf942ea4c806" wadlVersion="http://wadl.dev.java.net/2009/02" name="https://ecommerceservice.herokuapp.com" type="rest" xmlns:xsi="http://www.w3.org/2001/XMLSchema-instance"><con:settings/><con:definitionCache type="TEXT" rootPart=""/><con:endpoints><con:endpoint>https://ecommerceservice.herokuapp.com</con:endpoint></con:endpoints><con:resource name="User" path="/user" id="389341ec-1b86-47e8-aa04-45342767546f"><con:settings/><con:parameters/><con:method name="User 1" id="07c821b6-bb14-4eea-9a87-e792a22d2319" method="GET"><con:settings/><con:parameters/><con:representation type="RESPONSE"><con:mediaType>application/json; charset=utf-8</con:mediaType><con:status>200</con:status><con:params/><con:element xmlns:user="https://ecommerceservice.herokuapp.com/user">user:Response</con:element></con:representation><con:representation type="FAULT"><con:mediaType>application/json; charset=utf-8</con:mediaType><con:status>500</con:status><con:params/><con:element xmlns:user="https://ecommerceservice.herokuapp.com/user">user:Fault</con:element></con:representation><con:request name="get all users" id="ec3cf970-7aca-4fcc-8266-0804cb11cc94" mediaType="application/json"><con:settings><con:setting id="com.eviware.soapui.impl.wsdl.WsdlRequest@request-headers">&lt;entry key="Authorization" value="bearer eyJhbGciOiJIUzI1NiIsInR5cCI6IkpXVCJ9.eyJfaWQiOiI2MjI3MGJjNzYyNTk4NDAwMTc0NWJmNjQiLCJpYXQiOjE2NDY3MjYyNjUsImV4cCI6MTY0NjgxMjY2NX0.vpmSPikSCFNm68UTMw1ZmzM8cJzQb7J4M5qFA6GClE4" xmlns="http://eviware.com/soapui/config"/></con:setting></con:settings><con:endpoint>https://ecommerceservice.herokuapp.com</con:endpoint><con:request/><con:originalUri>https://ecommerceservice.herokuapp.com/user</con:originalUri><con:credentials><con:authType>No Authorization</con:authType></con:credentials><con:jmsConfig JMSDeliveryMode="PERSISTENT"/><con:jmsPropertyConfig/><con:parameters/></con:request></con:method></con:resource></con:interface><con:interface xsi:type="con:RestService" id="9990ad29-1206-4809-8bd0-c94f05700744" wadlVersion="http://wadl.dev.java.net/2009/02" name="https://ecommerceservice.herokuapp.com" type="rest" xmlns:xsi="http://www.w3.org/2001/XMLSchema-instance"><con:settings/><con:definitionCache type="TEXT" rootPart=""/><con:endpoints><con:endpoint>https://ecommerceservice.herokuapp.com</con:endpoint></con:endpoints><con:resource name="Id" path="/user/${#TestSuite#id}" id="c2a4a0d3-86ae-46cb-a0b6-dac3f50e5ef3"><con:settings/><con:parameters/><con:method name="Id 1" id="0a45a185-3589-46af-814b-2d5edfcd0be5" method="DELETE"><con:settings/><con:parameters/><con:representation type="RESPONSE"><con:mediaType>application/json; charset=utf-8</con:mediaType><con:status>200</con:status><con:params/><con:element xmlns:e50="https://ecommerceservice.herokuapp.com/user/61e507d148290e001782c0c5">e50:Response</con:element></con:representation><con:representation type="REQUEST"><con:mediaType>application/json</con:mediaType><con:params/></con:representation><con:representation type="FAULT"><con:mediaType>application/json; charset=utf-8</con:mediaType><con:status>404</con:status><con:params/><con:element xmlns:e50="https://ecommerceservice.herokuapp.com/user/61e507d148290e001782c0c5">e50:Fault</con:element></con:representation><con:request name="delete" id="680fdc28-8c98-4970-a3ef-38d27c36cb92" mediaType="application/json" postQueryString="false"><con:settings><con:setting id="com.eviware.soapui.impl.wsdl.WsdlRequest@request-headers">&lt;entry key="Authorization" value="bearer eyJhbGciOiJIUzI1NiIsInR5cCI6IkpXVCJ9.eyJfaWQiOiI2MjI3MGJjNzYyNTk4NDAwMTc0NWJmNjQiLCJpYXQiOjE2NDY3MjYyNjUsImV4cCI6MTY0NjgxMjY2NX0.vpmSPikSCFNm68UTMw1ZmzM8cJzQb7J4M5qFA6GClE4" xmlns="http://eviware.com/soapui/config"/></con:setting></con:settings><con:endpoint>https://ecommerceservice.herokuapp.com</con:endpoint><con:request/><con:originalUri>https://ecommerceservice.herokuapp.com/user/61e507d148290e001782c0c5</con:originalUri><con:credentials><con:authType>No Authorization</con:authType></con:credentials><con:jmsConfig JMSDeliveryMode="PERSISTENT"/><con:jmsPropertyConfig/><con:parameters/><con:parameterOrder/></con:request></con:method></con:resource></con:interface><con:interface xsi:type="con:RestService" id="93d2b73c-b8d1-46a0-8447-65879d890594" wadlVersion="http://wadl.dev.java.net/2009/02" name="https://ecommerceservice.herokuapp.com" type="rest" xmlns:xsi="http://www.w3.org/2001/XMLSchema-instance"><con:settings/><con:definitionCache type="TEXT" rootPart=""/><con:endpoints><con:endpoint>https://ecommerceservice.herokuapp.com</con:endpoint></con:endpoints><con:resource name="Products" path="/products" id="0342d67e-f558-41e1-84c6-9803789318a1"><con:settings/><con:parameters/><con:method name="Products 1" id="23884198-3d3d-4d78-8c9f-3c55208e97d3" method="GET"><con:settings/><con:parameters/><con:representation type="FAULT"><con:mediaType>application/json; charset=utf-8</con:mediaType><con:status>500 401</con:status><con:params/><con:element xmlns:prod="https://ecommerceservice.herokuapp.com/products">prod:Fault</con:element></con:representation><con:representation type="RESPONSE"><con:mediaType>application/json; charset=utf-8</con:mediaType><con:status>200</con:status><con:params/><con:element xmlns:prod="https://ecommerceservice.herokuapp.com/products">prod:Response</con:element></con:representation><con:request name="get all products" id="9140921d-e33e-4678-b698-df665b9428aa" mediaType="application/json"><con:settings><con:setting id="com.eviware.soapui.impl.wsdl.WsdlRequest@request-headers">&lt;entry key="Authorization" value="${#Project#token1}" xmlns="http://eviware.com/soapui/config"/></con:setting></con:settings><con:endpoint>https://ecommerceservice.herokuapp.com</con:endpoint><con:request/><con:originalUri>https://ecommerceservice.herokuapp.com/products</con:originalUri><con:credentials><con:authType>No Authorization</con:authType></con:credentials><con:jmsConfig JMSDeliveryMode="PERSISTENT"/><con:jmsPropertyConfig/><con:parameters/></con:request></con:method></con:resource></con:interface><con:interface xsi:type="con:RestService" id="3785afd8-a0fa-4bfa-9a76-0c8551289afb" wadlVersion="http://wadl.dev.java.net/2009/02" name="https://ecommerceservice.herokuapp.com" type="rest" xmlns:xsi="http://www.w3.org/2001/XMLSchema-instance"><con:settings/><con:definitionCache type="TEXT" rootPart=""/><con:endpoints><con:endpoint>https://ecommerceservice.herokuapp.com</con:endpoint></con:endpoints><con:resource name="Products" path="/products" id="defead36-b6e7-4469-8f04-9f6a8805935d"><con:settings/><con:parameters/><con:method name="create product" id="31afbee0-0a2b-42c8-932b-608ea84658ba" method="POST"><con:settings/><con:parameters/><con:representation type="RESPONSE"><con:mediaType>application/json; charset=utf-8</con:mediaType><con:status>200</con:status><con:params/><con:element xmlns:prod="https://ecommerceservice.herokuapp.com/products">prod:Response</con:element></con:representation><con:representation type="REQUEST"><con:mediaType>application/json</con:mediaType><con:params/></con:representation><con:request name="create product" id="6d66e258-0d3c-4391-a665-ee2f442f961c" mediaType="application/json" postQueryString="false"><con:settings><con:setting id="com.eviware.soapui.impl.wsdl.WsdlRequest@request-headers">&lt;entry key="Authorization" value="bearer eyJhbGciOiJIUzI1NiIsInR5cCI6IkpXVCJ9.eyJfaWQiOiI2MjI3OTdmNDFmY2NmZjAwMTdiM2M3ZjEiLCJpYXQiOjE2NDY4MDIzNTUsImV4cCI6MTY0Njg4ODc1NX0.TKJL61XrHj8fe5M7WX33hDLIYvyxo3de-KNB-FZRsoQ" xmlns="http://eviware.com/soapui/config"/></con:setting></con:settings><con:endpoint>https://ecommerceservice.herokuapp.com</con:endpoint><con:request>{
	"name": "mac",
	"price": 10954
}
</con:request><con:originalUri>https://ecommerceservice.herokuapp.com/products</con:originalUri><con:credentials><con:authType>No Authorization</con:authType></con:credentials><con:jmsConfig JMSDeliveryMode="PERSISTENT"/><con:jmsPropertyConfig/><con:parameters/></con:request></con:method></con:resource></con:interface><con:interface xsi:type="con:RestService" id="5d7e1575-df74-4da3-bf6c-e5926573ad38" wadlVersion="http://wadl.dev.java.net/2009/02" name="https://ecommerceservice.herokuapp.com" type="rest" xmlns:xsi="http://www.w3.org/2001/XMLSchema-instance"><con:settings/><con:definitionCache type="TEXT" rootPart=""/><con:endpoints><con:endpoint>https://ecommerceservice.herokuapp.com</con:endpoint></con:endpoints><con:resource name="Id" path="/products/${#TestSuite#id}" id="3f6e0b89-c8b1-4dc5-9fd1-1882e163e0d4"><con:settings/><con:parameters/><con:method name="Id 1" id="7a3cf16f-5405-484e-b975-e82331b15447" method="GET"><con:settings/><con:parameters/><con:representation type="RESPONSE"><con:mediaType>application/json; charset=utf-8</con:mediaType><con:status>200</con:status><con:params/><con:element xmlns:ecom="https://ecommerceservice.herokuapp.com/">ecom:Response</con:element></con:representation><con:request name="get product by id" id="c3d06b82-b6ae-4aa8-8f9d-2560e59ca53b" mediaType="application/json"><con:settings><con:setting id="com.eviware.soapui.impl.wsdl.WsdlRequest@request-headers">&lt;entry key="Authorization" value="${#Project#token1}" xmlns="http://eviware.com/soapui/config"/></con:setting></con:settings><con:endpoint>https://ecommerceservice.herokuapp.com</con:endpoint><con:request/><con:originalUri>https://ecommerceservice.herokuapp.com/</con:originalUri><con:credentials><con:authType>No Authorization</con:authType></con:credentials><con:jmsConfig JMSDeliveryMode="PERSISTENT"/><con:jmsPropertyConfig/><con:parameters/><con:parameterOrder/></con:request></con:method></con:resource></con:interface><con:interface xsi:type="con:RestService" id="73cdeaec-8638-47d6-b73e-87792f994344" wadlVersion="http://wadl.dev.java.net/2009/02" name="https://ecommerceservice.herokuapp.com" type="rest" xmlns:xsi="http://www.w3.org/2001/XMLSchema-instance"><con:settings/><con:definitionCache type="TEXT" rootPart=""/><con:endpoints><con:endpoint>https://ecommerceservice.herokuapp.com</con:endpoint></con:endpoints><con:resource name="Id" path="/products/${#TestSuite#id1}" id="46bbcd3b-71bb-4300-864e-3291929221b1"><con:settings/><con:parameters/><con:method name="update product by id" id="3654727d-8dd8-41d8-87ee-7c9f56a5f3fc" method="PATCH"><con:settings/><con:parameters/><con:representation type="FAULT"><con:mediaType>application/json; charset=utf-8</con:mediaType><con:status>404 500</con:status><con:params/><con:element xmlns:ecom="https://ecommerceservice.herokuapp.com/">ecom:Fault</con:element></con:representation><con:representation type="REQUEST"><con:mediaType>application/json</con:mediaType><con:params/></con:representation><con:representation type="RESPONSE"><con:mediaType>application/json; charset=utf-8</con:mediaType><con:status>200</con:status><con:params/><con:element xmlns:ecom="https://ecommerceservice.herokuapp.com/">ecom:Response</con:element></con:representation><con:request name="update product by id" id="aa30307f-5a28-416f-a854-d66ccaf484e9" mediaType="application/json" postQueryString="false"><con:settings><con:setting id="com.eviware.soapui.impl.wsdl.WsdlRequest@request-headers">&lt;xml-fragment xmlns:con="http://eviware.com/soapui/config">&#13;
  &lt;con:entry key="" value=""/>&#13;
  &lt;con:entry key="Authorization" value="bearer eyJhbGciOiJIUzI1NiIsInR5cCI6IkpXVCJ9.eyJfaWQiOiI2MjI3OTdmNDFmY2NmZjAwMTdiM2M3ZjEiLCJpYXQiOjE2NDY4MDIzNTUsImV4cCI6MTY0Njg4ODc1NX0.TKJL61XrHj8fe5M7WX33hDLIYvyxo3de-KNB-FZRsoQ"/>&#13;
&lt;/xml-fragment></con:setting></con:settings><con:endpoint>https://ecommerceservice.herokuapp.com</con:endpoint><con:request>{
	"name": "iphone",
	"price": 5000
}
</con:request><con:originalUri>https://ecommerceservice.herokuapp.com/</con:originalUri><con:credentials><con:authType>No Authorization</con:authType></con:credentials><con:jmsConfig JMSDeliveryMode="PERSISTENT"/><con:jmsPropertyConfig/><con:parameters/><con:parameterOrder/></con:request></con:method></con:resource></con:interface><con:interface xsi:type="con:RestService" id="e34d36e1-1269-4356-beda-6a0a5a2ba4d8" wadlVersion="http://wadl.dev.java.net/2009/02" name="https://ecommerceservice.herokuapp.com" type="rest" xmlns:xsi="http://www.w3.org/2001/XMLSchema-instance"><con:settings/><con:definitionCache type="TEXT" rootPart=""/><con:endpoints><con:endpoint>https://ecommerceservice.herokuapp.com</con:endpoint></con:endpoints><con:resource name="Id" path="/products/${#TestSuite#id1}" id="b0837fbd-86a3-4e1e-b952-2dca103838c3"><con:settings/><con:parameters/><con:method name="Id 1" id="732bc0a1-c90a-4ea7-b4e4-8c759f1f755f" method="DELETE"><con:settings/><con:parameters/><con:representation type="RESPONSE"><con:mediaType>application/json; charset=utf-8</con:mediaType><con:status>200</con:status><con:params/><con:element xmlns:f25="https://ecommerceservice.herokuapp.com/products/62178751f252d20017bd3f7b">f25:Response</con:element></con:representation><con:representation type="REQUEST"><con:mediaType>application/json</con:mediaType><con:params/></con:representation><con:representation type="FAULT"><con:mediaType>application/json; charset=utf-8</con:mediaType><con:status>404</con:status><con:params/><con:element xmlns:f25="https://ecommerceservice.herokuapp.com/products/62178751f252d20017bd3f7b">f25:Fault</con:element></con:representation><con:request name="delete" id="56197558-1f13-4ccd-83a0-9f6b4791d6f7" mediaType="application/json" postQueryString="false"><con:settings><con:setting id="com.eviware.soapui.impl.wsdl.WsdlRequest@request-headers">&lt;entry key="Authorization" value="bearer eyJhbGciOiJIUzI1NiIsInR5cCI6IkpXVCJ9.eyJfaWQiOiI2MjI3OTdmNDFmY2NmZjAwMTdiM2M3ZjEiLCJpYXQiOjE2NDY4MDIzNTUsImV4cCI6MTY0Njg4ODc1NX0.TKJL61XrHj8fe5M7WX33hDLIYvyxo3de-KNB-FZRsoQ" xmlns="http://eviware.com/soapui/config"/></con:setting></con:settings><con:endpoint>https://ecommerceservice.herokuapp.com</con:endpoint><con:request/><con:originalUri>https://ecommerceservice.herokuapp.com/products/62178751f252d20017bd3f7b</con:originalUri><con:credentials><con:authType>No Authorization</con:authType></con:credentials><con:jmsConfig JMSDeliveryMode="PERSISTENT"/><con:jmsPropertyConfig/><con:parameters/><con:parameterOrder/></con:request></con:method></con:resource></con:interface><con:interface xsi:type="con:RestService" id="90b71e60-378e-4003-ac26-0c7e6a278d4d" wadlVersion="http://wadl.dev.java.net/2009/02" name="https://ecommerceservice.herokuapp.com" type="rest" xmlns:xsi="http://www.w3.org/2001/XMLSchema-instance"><con:settings/><con:definitionCache type="TEXT" rootPart=""/><con:endpoints><con:endpoint>https://ecommerceservice.herokuapp.com</con:endpoint></con:endpoints><con:resource name="Orders" path="/orders" id="0d9603a1-6569-40ab-9a17-6292be8c106d"><con:settings/><con:parameters/><con:method name="Orders 1" id="8e4ccc84-6e45-46d6-8730-34c0aa61895c" method="GET"><con:settings/><con:parameters/><con:representation type="RESPONSE"><con:mediaType>application/json; charset=utf-8</con:mediaType><con:status>200</con:status><con:params/><con:element xmlns:ord="https://ecommerceservice.herokuapp.com/orders">ord:Response</con:element></con:representation><con:request name="get all orders" id="6e0be3cf-908a-42de-8cca-6a54b946211f" mediaType="application/json"><con:settings><con:setting id="com.eviware.soapui.impl.wsdl.WsdlRequest@request-headers">&lt;entry key="Authorization" value="${#Project#token1}" xmlns="http://eviware.com/soapui/config"/></con:setting></con:settings><con:endpoint>https://ecommerceservice.herokuapp.com</con:endpoint><con:request/><con:originalUri>https://ecommerceservice.herokuapp.com/orders</con:originalUri><con:credentials><con:authType>No Authorization</con:authType></con:credentials><con:jmsConfig JMSDeliveryMode="PERSISTENT"/><con:jmsPropertyConfig/><con:parameters/></con:request></con:method></con:resource></con:interface><con:interface xsi:type="con:RestService" id="b1fad1d0-9d8e-4806-a6f4-e38efda0a876" wadlVersion="http://wadl.dev.java.net/2009/02" name="https://ecommerceservice.herokuapp.com" type="rest" xmlns:xsi="http://www.w3.org/2001/XMLSchema-instance"><con:settings/><con:definitionCache type="TEXT" rootPart=""/><con:endpoints><con:endpoint>https://ecommerceservice.herokuapp.com</con:endpoint></con:endpoints><con:resource name="Orders" path="/orders" id="64ac7478-beb8-48bd-8062-b0e02f2b322d"><con:settings/><con:parameters/><con:method name="create order" id="ced1a46e-e072-4cff-9d00-4d262bd05ea9" method="POST"><con:settings/><con:parameters/><con:representation type="FAULT"><con:mediaType>application/json; charset=utf-8</con:mediaType><con:status>400 500 404</con:status><con:params/><con:element xmlns:ord="https://ecommerceservice.herokuapp.com/orders">ord:Fault</con:element></con:representation><con:representation type="REQUEST"><con:mediaType>application/json</con:mediaType><con:params/></con:representation><con:representation type="RESPONSE"><con:mediaType>application/json; charset=utf-8</con:mediaType><con:status>201</con:status><con:params/><con:element xmlns:ord="https://ecommerceservice.herokuapp.com/orders">ord:Response</con:element></con:representation><con:request name="create order" id="7b05c432-2d14-4644-8c01-51086bb896e6" mediaType="application/json" postQueryString="false"><con:settings><con:setting id="com.eviware.soapui.impl.wsdl.WsdlRequest@request-headers">&lt;entry key="Authorization" value="${#Project#token1}" xmlns="http://eviware.com/soapui/config"/></con:setting></con:settings><con:endpoint>https://ecommerceservice.herokuapp.com</con:endpoint><con:request>{
	"product": "62285481d7cea500172f1301",
	"quantity": 50
}</con:request><con:originalUri>https://ecommerceservice.herokuapp.com/orders</con:originalUri><con:credentials><con:authType>No Authorization</con:authType></con:credentials><con:jmsConfig JMSDeliveryMode="PERSISTENT"/><con:jmsPropertyConfig/><con:parameters/></con:request></con:method></con:resource></con:interface><con:interface xsi:type="con:RestService" id="7ce0caa1-ef8d-4a93-961b-8c54e549608a" wadlVersion="http://wadl.dev.java.net/2009/02" name="https://ecommerceservice.herokuapp.com" type="rest" xmlns:xsi="http://www.w3.org/2001/XMLSchema-instance"><con:settings/><con:definitionCache type="TEXT" rootPart=""/><con:endpoints><con:endpoint>https://ecommerceservice.herokuapp.com</con:endpoint></con:endpoints><con:resource name="Id" path="/orders/${#TestSuite#id2}" id="fa7532ff-31e7-4933-8c5e-fe1e8040b180"><con:settings/><con:parameters/><con:method name="Id 1" id="d63a6f45-e3d9-4519-9fd2-ea1c9cffef76" method="GET"><con:settings/><con:parameters/><con:representation type="RESPONSE"><con:mediaType>application/json; charset=utf-8</con:mediaType><con:status>201 200</con:status><con:params/><con:element xmlns:ad8="https://ecommerceservice.herokuapp.com/orders/6227ad851fccff0017b3c81d">ad8:Response</con:element></con:representation><con:request name="get order by id" id="5d982500-d2d3-4281-9711-cc24b328a400" mediaType="application/json"><con:settings><con:setting id="com.eviware.soapui.impl.wsdl.WsdlRequest@request-headers">&lt;entry key="Authorization" value="${#Project#token1}" xmlns="http://eviware.com/soapui/config"/></con:setting></con:settings><con:endpoint>https://ecommerceservice.herokuapp.com</con:endpoint><con:request/><con:originalUri>https://ecommerceservice.herokuapp.com/orders/6227ad851fccff0017b3c81d</con:originalUri><con:credentials><con:authType>No Authorization</con:authType></con:credentials><con:jmsConfig JMSDeliveryMode="PERSISTENT"/><con:jmsPropertyConfig/><con:parameters/><con:parameterOrder/></con:request></con:method></con:resource></con:interface><con:interface xsi:type="con:RestService" id="c1011805-5a7a-45e5-90c7-cf36f3ae247b" wadlVersion="http://wadl.dev.java.net/2009/02" name="https://ecommerceservice.herokuapp.com" type="rest" xmlns:xsi="http://www.w3.org/2001/XMLSchema-instance"><con:settings/><con:definitionCache type="TEXT" rootPart=""/><con:endpoints><con:endpoint>https://ecommerceservice.herokuapp.com</con:endpoint></con:endpoints><con:resource name="Id" path="/orders/${#TestSuite#id2}" id="107708d5-8472-4258-8108-244075fc5021"><con:settings/><con:parameters/><con:method name="update order by id" id="cad0a749-ef2d-4133-a212-0a1c65f59668" method="PATCH"><con:settings/><con:parameters/><con:representation type="REQUEST"><con:mediaType>application/json</con:mediaType><con:params/></con:representation><con:representation type="FAULT"><con:mediaType>application/json; charset=utf-8</con:mediaType><con:status>404 500</con:status><con:params/><con:element xmlns:ecom="https://ecommerceservice.herokuapp.com/">ecom:Fault</con:element></con:representation><con:representation type="RESPONSE"><con:mediaType>application/json; charset=utf-8</con:mediaType><con:status>200</con:status><con:params/><con:element xmlns:ecom="https://ecommerceservice.herokuapp.com/">ecom:Response</con:element></con:representation><con:request name="update order by id" id="c009eaae-e674-4225-9c9e-469a4a237a07" mediaType="application/json" postQueryString="false"><con:settings><con:setting id="com.eviware.soapui.impl.wsdl.WsdlRequest@request-headers">&lt;entry key="Authorization" value="${#Project#token1}" xmlns="http://eviware.com/soapui/config"/></con:setting></con:settings><con:endpoint>https://ecommerceservice.herokuapp.com</con:endpoint><con:request>{
	"product": "622776f11fccff0017b3c778",
	"quantity": 50
}
</con:request><con:originalUri>https://ecommerceservice.herokuapp.com/</con:originalUri><con:credentials><con:authType>No Authorization</con:authType></con:credentials><con:jmsConfig JMSDeliveryMode="PERSISTENT"/><con:jmsPropertyConfig/><con:parameters/><con:parameterOrder/></con:request></con:method></con:resource></con:interface><con:interface xsi:type="con:RestService" id="8a9f161b-eb3a-4bf9-9065-e07f2271de92" wadlVersion="http://wadl.dev.java.net/2009/02" name="https://ecommerceservice.herokuapp.com" type="rest" xmlns:xsi="http://www.w3.org/2001/XMLSchema-instance"><con:settings/><con:definitionCache type="TEXT" rootPart=""/><con:endpoints><con:endpoint>https://ecommerceservice.herokuapp.com</con:endpoint></con:endpoints><con:resource name="Id" path="/orders/${#TestSuite#id2}" id="0456c3d1-ab60-47b2-8759-f77729f57fc2"><con:settings/><con:parameters/><con:method name="delete" id="f40547fe-1687-44ed-89b0-e2cdbd86f8c8" method="DELETE"><con:settings/><con:parameters/><con:representation type="REQUEST"><con:mediaType>application/json</con:mediaType><con:params/></con:representation><con:representation type="RESPONSE"><con:mediaType>application/json; charset=utf-8</con:mediaType><con:status>200</con:status><con:params/><con:element xmlns:ad8="https://ecommerceservice.herokuapp.com/orders/6227ad851fccff0017b3c81d">ad8:Response</con:element></con:representation><con:representation type="FAULT"><con:mediaType>application/json; charset=utf-8</con:mediaType><con:status>404</con:status><con:params/><con:element xmlns:ad8="https://ecommerceservice.herokuapp.com/orders/6227ad851fccff0017b3c81d">ad8:Fault</con:element></con:representation><con:request name="delete" id="9fcbc283-6dd5-426a-b205-2da4492c4ac7" mediaType="application/json" postQueryString="false"><con:settings><con:setting id="com.eviware.soapui.impl.wsdl.WsdlRequest@request-headers">&lt;entry key="Authorization" value="${#Project#token1}" xmlns="http://eviware.com/soapui/config"/></con:setting></con:settings><con:endpoint>https://ecommerceservice.herokuapp.com</con:endpoint><con:request/><con:originalUri>https://ecommerceservice.herokuapp.com/orders/6227ad851fccff0017b3c81d</con:originalUri><con:credentials><con:authType>No Authorization</con:authType></con:credentials><con:jmsConfig JMSDeliveryMode="PERSISTENT"/><con:jmsPropertyConfig/><con:parameters/><con:parameterOrder/></con:request></con:method></con:resource></con:interface><con:testSuite id="1e37a449-b3fb-4269-bc67-1feca2f08444" name="Functional Testing"><con:settings/><con:runType>SEQUENTIAL</con:runType><con:testCase id="dbf1dee9-554c-44c1-b68a-6733e63a5822" failOnError="true" failTestCaseOnErrors="true" keepSession="false" maxResults="0" name="script based" searchProperties="true"><con:settings/><con:testStep type="properties" name="Properties" id="11939176-cdda-4be0-be29-8db229fd9946"><con:settings/><con:config xsi:type="con:PropertiesStep" saveFirst="true" xmlns:xsi="http://www.w3.org/2001/XMLSchema-instance"><con:properties><con:property><con:name>email</con:name><con:value>yami65@gmail.com</con:value></con:property><con:property><con:name>password</con:name><con:value>dg78</con:value></con:property></con:properties></con:config></con:testStep><con:testStep type="restrequest" name="signup" id="226fd88a-63f8-45a1-915d-84ba4dc15201" disabled="true"><con:settings/><con:config service="https://ecommerceservice.herokuapp.com" resourcePath="/user/signup" methodName="Signup 1" xsi:type="con:RestRequestStep" xmlns:xsi="http://www.w3.org/2001/XMLSchema-instance"><con:restRequest name="signup" id="9d575b08-df0c-4344-b85f-b28b457ce318" mediaType="application/json" postQueryString="false"><con:settings><con:setting id="com.eviware.soapui.impl.wsdl.WsdlRequest@request-headers">&lt;entry key="Authorization" value="${#TestSuite#token}" xmlns="http://eviware.com/soapui/config"/></con:setting></con:settings><con:endpoint>https://ecommerceservice.herokuapp.com</con:endpoint><con:request>{
	"email": "${Properties#email}",
	"password": "${Properties#password}"
}
</con:request><con:originalUri>https://ecommerceservice.herokuapp.com/user/signup</con:originalUri><con:assertion type="Valid HTTP Status Codes" id="ce9ba7f5-24e3-44e7-b2b9-d7cbb44444f4" name="Valid HTTP Status Codes"><con:configuration><codes>201</codes></con:configuration></con:assertion><con:credentials><con:authType>No Authorization</con:authType></con:credentials><con:jmsConfig JMSDeliveryMode="PERSISTENT"/><con:jmsPropertyConfig/><con:parameters/></con:restRequest></con:config></con:testStep><con:testStep type="restrequest" name="login" id="f2ce5771-b35e-4f79-a2a9-b90bffdbac7f"><con:settings/><con:config service="https://ecommerceservice.herokuapp.com" resourcePath="/user/login" methodName="Login 1" xsi:type="con:RestRequestStep" xmlns:xsi="http://www.w3.org/2001/XMLSchema-instance"><con:restRequest name="login" id="863d5c7e-2e4f-4ff6-aa6c-a29170d842f8" mediaType="application/json" postQueryString="false"><con:settings><con:setting id="com.eviware.soapui.impl.wsdl.WsdlRequest@request-headers">&lt;entry key="Authorization" value="${#TestSuite#token}" xmlns="http://eviware.com/soapui/config"/></con:setting></con:settings><con:endpoint>https://ecommerceservice.herokuapp.com</con:endpoint><con:request>{
	"email": "${Properties#email}",
	"password": "${Properties#password}"
}
</con:request><con:originalUri>https://ecommerceservice.herokuapp.com/user/login</con:originalUri><con:assertion type="GroovyScriptAssertion" id="fc293f1e-3c17-40c9-9923-1b44d45976b3" name="Script Assertion"><con:configuration><scriptText>import groovy.json.JsonSlurper
def response = context.testCase.getTestStepByName("login").getPropertyValue("Response")
def holder = new JsonSlurper().parseText(response)
def access = holder.accessToken
context.testCase.testSuite.setPropertyValue("token","bearer "+access)

context.testCase.testSuite.project.setPropertyValue("token1","bearer "+access)</scriptText></con:configuration></con:assertion><con:assertion type="Valid HTTP Status Codes" id="a0d9ad48-58bf-43ad-907c-a39f48b1c799" name="Valid HTTP Status Codes"><con:configuration><codes>200</codes></con:configuration></con:assertion><con:credentials><con:authType>No Authorization</con:authType></con:credentials><con:jmsConfig JMSDeliveryMode="PERSISTENT"/><con:jmsPropertyConfig/><con:parameters/></con:restRequest></con:config></con:testStep><con:testStep type="restrequest" name="getallusers" id="6fe112b8-f975-452f-98e7-d2ca2c82bd0a"><con:settings/><con:config service="https://ecommerceservice.herokuapp.com" resourcePath="/user" methodName="User 1" xsi:type="con:RestRequestStep" xmlns:xsi="http://www.w3.org/2001/XMLSchema-instance"><con:restRequest name="getallusers" id="ec3cf970-7aca-4fcc-8266-0804cb11cc94" mediaType="application/json"><con:settings><con:setting id="com.eviware.soapui.impl.wsdl.WsdlRequest@request-headers">&lt;entry key="Authorization" value="${#TestSuite#token}" xmlns="http://eviware.com/soapui/config"/></con:setting></con:settings><con:endpoint>https://ecommerceservice.herokuapp.com</con:endpoint><con:request/><con:originalUri>https://ecommerceservice.herokuapp.com/user</con:originalUri><con:assertion type="Valid HTTP Status Codes" id="99e648b7-b116-4a78-9d3a-919ffc9c0273" name="Valid HTTP Status Codes"><con:configuration><codes>200</codes></con:configuration></con:assertion><con:assertion type="JsonPath Count" id="8bf3315f-0fc6-4a87-87f3-94cc20395209" name="JsonPath Count" disabled="true"><con:configuration><path>users</path><content>324</content><allowWildcards>false</allowWildcards><ignoreNamspaceDifferences>false</ignoreNamspaceDifferences><ignoreComments>false</ignoreComments></con:configuration></con:assertion><con:assertion type="JsonPath Existence Match" id="45631cd7-4a19-4604-afa9-8d3470ec1589" name="JsonPath Existence Match" disabled="true"><con:configuration><path>users</path><content>true</content><allowWildcards>false</allowWildcards><ignoreNamspaceDifferences>false</ignoreNamspaceDifferences><ignoreComments>false</ignoreComments></con:configuration></con:assertion><con:assertion type="JsonPath Match" id="b1a8ea88-52a8-4471-8fa9-fcb3e77b74ee" name="JsonPath Match" disabled="true"><con:configuration><path>users[?(@.email=='deepikageetha1@gmail.com')]._id</path><content>[622761fc1fccff0017b3c737]</content><allowWildcards>false</allowWildcards><ignoreNamspaceDifferences>false</ignoreNamspaceDifferences><ignoreComments>false</ignoreComments></con:configuration></con:assertion><con:assertion type="GroovyScriptAssertion" id="6b62b0b5-3c85-4f39-96e3-31950c53d706" name="Script Assertion"><con:configuration><scriptText>// We need to input the library to read json files
import groovy.json.JsonSlurper
//we need to store the response
def response = context.testCase.getTestStepByName("getallusers").getPropertyValue("Response")
//Stripping the response into a json script
def holder = new JsonSlurper().parseText(response)
// getting only the count
// def count = holder.count
def id = holder.users[233]._id
context.testCase.testSuite.setPropertyValue("id", id)
// holding the count
/*for(def i=0; i&lt; count; i++){
	if(holder.users[i].email == 'sachi@gmail.com'){
		def id = holder.users[i]._id
		log.info id
		def idle = id.toString()
		context.testCase.testSuite.setPropertyValue("id", idle)
	}
}
*/</scriptText></con:configuration></con:assertion><con:credentials><con:authType>No Authorization</con:authType></con:credentials><con:jmsConfig JMSDeliveryMode="PERSISTENT"/><con:jmsPropertyConfig/><con:parameters/></con:restRequest></con:config></con:testStep><con:testStep type="restrequest" name="delete" id="eb906e16-af24-4611-b8ca-6a38468616ba"><con:settings/><con:config service="https://ecommerceservice.herokuapp.com" resourcePath="/user/${#TestSuite#id}" methodName="Id 1" xsi:type="con:RestRequestStep" xmlns:xsi="http://www.w3.org/2001/XMLSchema-instance"><con:restRequest name="delete" id="680fdc28-8c98-4970-a3ef-38d27c36cb92" mediaType="application/json" postQueryString="false"><con:settings><con:setting id="com.eviware.soapui.impl.wsdl.WsdlRequest@request-headers">&lt;entry key="Authorization" value="${#TestSuite#token}" xmlns="http://eviware.com/soapui/config"/></con:setting></con:settings><con:endpoint>https://ecommerceservice.herokuapp.com</con:endpoint><con:request/><con:originalUri>https://ecommerceservice.herokuapp.com/user/61e507d148290e001782c0c5</con:originalUri><con:assertion type="Valid HTTP Status Codes" id="752068bd-730b-48d7-935b-1193191f1254" name="Valid HTTP Status Codes"><con:configuration><codes>200</codes></con:configuration></con:assertion><con:credentials><con:authType>No Authorization</con:authType></con:credentials><con:jmsConfig JMSDeliveryMode="PERSISTENT"/><con:jmsPropertyConfig/><con:parameters/><con:parameterOrder/></con:restRequest></con:config></con:testStep><con:properties/></con:testCase><con:properties><con:property><con:name>token</con:name><con:value>bearer eyJhbGciOiJIUzI1NiIsInR5cCI6IkpXVCJ9.eyJfaWQiOiI2MjI3YzExZTFmY2NmZjAwMTdiM2M4MzYiLCJpYXQiOjE2NDY4MDE3OTksImV4cCI6MTY0Njg4ODE5OX0.EWuMSfmYbFDVTo1yaWnezG_Pug4ATbpFVPO8lZV3ITk</con:value></con:property><con:property><con:name>id</con:name><con:value>6227445f625984001745c262</con:value></con:property></con:properties></con:testSuite><con:testSuite id="d1e25a99-bf4b-4c5d-aedc-9966f8076b82" name="Product"><con:settings/><con:runType>SEQUENTIAL</con:runType><con:testCase id="a2805aa5-b7eb-4964-a2b6-68b3d89b8692" failOnError="true" failTestCaseOnErrors="true" keepSession="false" maxResults="0" name="script based" searchProperties="true"><con:settings/><con:testStep type="properties" name="Properties" id="643b4f32-7c13-4875-9879-95f9bbe0355c"><con:settings/><con:config xsi:type="con:PropertiesStep" saveFirst="true" xmlns:xsi="http://www.w3.org/2001/XMLSchema-instance"><con:properties><con:property><con:name>name</con:name><con:value>macbook</con:value></con:property><con:property><con:name>price</con:name><con:value>266000</con:value></con:property><con:property><con:name>namenew</con:name><con:value>macbook</con:value></con:property><con:property><con:name>pricenew</con:name><con:value>2800000</con:value></con:property></con:properties></con:config></con:testStep><con:testStep type="restrequest" name="get all products" id="192befe3-37f3-41da-98f8-b6ae8c329e3d"><con:settings/><con:config service="https://ecommerceservice.herokuapp.com" resourcePath="/products" methodName="Products 1" xsi:type="con:RestRequestStep" xmlns:xsi="http://www.w3.org/2001/XMLSchema-instance"><con:restRequest name="get all products" id="9140921d-e33e-4678-b698-df665b9428aa" mediaType="application/json"><con:settings><con:setting id="com.eviware.soapui.impl.wsdl.WsdlRequest@request-headers">&lt;entry key="Authorization" value="${#Project#token1}" xmlns="http://eviware.com/soapui/config"/></con:setting></con:settings><con:endpoint>https://ecommerceservice.herokuapp.com</con:endpoint><con:request/><con:originalUri>https://ecommerceservice.herokuapp.com/products</con:originalUri><con:assertion type="Valid HTTP Status Codes" id="fa1c1d9e-4c96-4dc4-8e52-87adc195928b" name="Valid HTTP Status Codes"><con:configuration><codes>200</codes></con:configuration></con:assertion><con:credentials><con:authType>No Authorization</con:authType></con:credentials><con:jmsConfig JMSDeliveryMode="PERSISTENT"/><con:jmsPropertyConfig/><con:parameters/></con:restRequest></con:config></con:testStep><con:testStep type="restrequest" name="create" id="0d56ee0a-9be2-46e5-876b-6506c5285615"><con:settings/><con:config service="https://ecommerceservice.herokuapp.com" resourcePath="/products" methodName="create product" xsi:type="con:RestRequestStep" xmlns:xsi="http://www.w3.org/2001/XMLSchema-instance"><con:restRequest name="create" id="6d66e258-0d3c-4391-a665-ee2f442f961c" mediaType="application/json" postQueryString="false"><con:settings><con:setting id="com.eviware.soapui.impl.wsdl.WsdlRequest@request-headers">&lt;entry key="Authorization" value="${#Project#token1}" xmlns="http://eviware.com/soapui/config"/></con:setting></con:settings><con:endpoint>https://ecommerceservice.herokuapp.com</con:endpoint><con:request>{
	"name": "${Properties#name}",
	"price": "${Properties#price}"
}
</con:request><con:originalUri>https://ecommerceservice.herokuapp.com/products</con:originalUri><con:assertion type="Valid HTTP Status Codes" id="84cee257-adaf-4ac9-b319-1bbd0dac1b64" name="Valid HTTP Status Codes"><con:configuration><codes>200</codes></con:configuration></con:assertion><con:credentials><con:authType>No Authorization</con:authType></con:credentials><con:jmsConfig JMSDeliveryMode="PERSISTENT"/><con:jmsPropertyConfig/><con:parameters/></con:restRequest></con:config></con:testStep><con:testStep type="restrequest" name="get product by id" id="8748723a-7ac4-49a7-9717-d20ca02c0ae7"><con:settings/><con:config service="https://ecommerceservice.herokuapp.com" resourcePath="/products/${#TestSuite#id}" methodName="Id 1" xsi:type="con:RestRequestStep" xmlns:xsi="http://www.w3.org/2001/XMLSchema-instance"><con:restRequest name="get product by id" id="c3d06b82-b6ae-4aa8-8f9d-2560e59ca53b" mediaType="application/json"><con:settings><con:setting id="com.eviware.soapui.impl.wsdl.WsdlRequest@request-headers">&lt;entry key="Authorization" value="${#Project#token1}" xmlns="http://eviware.com/soapui/config"/></con:setting></con:settings><con:endpoint>https://ecommerceservice.herokuapp.com</con:endpoint><con:request/><con:originalUri>https://ecommerceservice.herokuapp.com/</con:originalUri><con:assertion type="Valid HTTP Status Codes" id="ff8d04f8-8ab0-4e35-9a29-30f1fc0acab5" name="Valid HTTP Status Codes"><con:configuration><codes>200</codes></con:configuration></con:assertion><con:credentials><con:authType>No Authorization</con:authType></con:credentials><con:jmsConfig JMSDeliveryMode="PERSISTENT"/><con:jmsPropertyConfig/><con:parameters/><con:parameterOrder/></con:restRequest></con:config></con:testStep><con:testStep type="restrequest" name="update by id" id="f04f9505-68bc-48fa-8f65-36bf546c555e"><con:settings/><con:config service="https://ecommerceservice.herokuapp.com" resourcePath="/products/${#TestSuite#id1}" methodName="update product by id" xsi:type="con:RestRequestStep" xmlns:xsi="http://www.w3.org/2001/XMLSchema-instance"><con:restRequest name="update by id" id="aa30307f-5a28-416f-a854-d66ccaf484e9" mediaType="application/json" postQueryString="false"><con:settings><con:setting id="com.eviware.soapui.impl.wsdl.WsdlRequest@request-headers">&lt;xml-fragment xmlns:con="http://eviware.com/soapui/config">&#13;
  &lt;con:entry key="" value=""/>&#13;
  &lt;con:entry key="Authorization" value="bearer eyJhbGciOiJIUzI1NiIsInR5cCI6IkpXVCJ9.eyJfaWQiOiI2MjI3OTdmNDFmY2NmZjAwMTdiM2M3ZjEiLCJpYXQiOjE2NDY4MDIzNTUsImV4cCI6MTY0Njg4ODc1NX0.TKJL61XrHj8fe5M7WX33hDLIYvyxo3de-KNB-FZRsoQ"/>&#13;
&lt;/xml-fragment></con:setting></con:settings><con:endpoint>https://ecommerceservice.herokuapp.com</con:endpoint><con:request>{
	"name": "${Properties#namenew}",
	"price": "${Properties#pricenew}"
}
</con:request><con:originalUri>https://ecommerceservice.herokuapp.com/</con:originalUri><con:assertion type="Valid HTTP Status Codes" id="20a40885-7c38-49a7-99a1-616026135510" name="Valid HTTP Status Codes"><con:configuration><codes>200</codes></con:configuration></con:assertion><con:credentials><con:authType>No Authorization</con:authType></con:credentials><con:jmsConfig JMSDeliveryMode="PERSISTENT"/><con:jmsPropertyConfig/><con:parameters/><con:parameterOrder/></con:restRequest></con:config></con:testStep><con:testStep type="restrequest" name="delete" id="36a08551-9854-452f-838f-7d3bf9fe6985"><con:settings/><con:config service="https://ecommerceservice.herokuapp.com" resourcePath="/products/${#TestSuite#id1}" methodName="Id 1" xsi:type="con:RestRequestStep" xmlns:xsi="http://www.w3.org/2001/XMLSchema-instance"><con:restRequest name="delete" id="56197558-1f13-4ccd-83a0-9f6b4791d6f7" mediaType="application/json" postQueryString="false"><con:settings><con:setting id="com.eviware.soapui.impl.wsdl.WsdlRequest@request-headers">&lt;entry key="Authorization" value="${#Project#token1}" xmlns="http://eviware.com/soapui/config"/></con:setting></con:settings><con:endpoint>https://ecommerceservice.herokuapp.com</con:endpoint><con:request/><con:originalUri>https://ecommerceservice.herokuapp.com/products/62178751f252d20017bd3f7b</con:originalUri><con:assertion type="GroovyScriptAssertion" id="dec395eb-a822-4698-b442-fa894518ef11" name="Script Assertion"><con:configuration><scriptText>// We need to input the library to read json files
import groovy.json.JsonSlurper
//we need to store the response
def response = context.testCase.getTestStepByName("get all products").getPropertyValue("Response")
//Stripping the response into a json script
def holder = new JsonSlurper().parseText(response)
// getting only the count
// def count = holder.count
def id = holder.products[2]._id
context.testCase.testSuite.setPropertyValue("id1", id)</scriptText></con:configuration></con:assertion><con:assertion type="Valid HTTP Status Codes" id="f669f597-0df7-45a4-927a-1ebe3316604d" name="Valid HTTP Status Codes"><con:configuration><codes>200</codes></con:configuration></con:assertion><con:credentials><con:authType>No Authorization</con:authType></con:credentials><con:jmsConfig JMSDeliveryMode="PERSISTENT"/><con:jmsPropertyConfig/><con:parameters/><con:parameterOrder/></con:restRequest></con:config></con:testStep><con:properties/></con:testCase><con:properties><con:property><con:name>id1</con:name><con:value>6215fb47d72df90017b403bd</con:value></con:property></con:properties></con:testSuite><con:testSuite id="05c7f06b-111f-4d54-bb8c-02c8ea68298c" name="order"><con:settings/><con:runType>SEQUENTIAL</con:runType><con:testCase id="b1a5f2f5-7804-4c38-833f-26ca24705148" failOnError="true" failTestCaseOnErrors="true" keepSession="false" maxResults="0" name="script based" searchProperties="true"><con:settings/><con:testStep type="properties" name="Properties" id="63caf6a1-2ecd-4406-bc58-9db069c4263d"><con:settings/><con:config xsi:type="con:PropertiesStep" saveFirst="true" xmlns:xsi="http://www.w3.org/2001/XMLSchema-instance"><con:properties><con:property><con:name>product</con:name><con:value>61e04647eed0340017407f4c</con:value></con:property><con:property><con:name>quantity</con:name><con:value>20</con:value></con:property></con:properties></con:config></con:testStep><con:testStep type="restrequest" name="get all orders" id="a67365e1-ef22-4027-a53a-7dfa5b94ffa1"><con:settings/><con:config service="https://ecommerceservice.herokuapp.com" resourcePath="/orders" methodName="Orders 1" xsi:type="con:RestRequestStep" xmlns:xsi="http://www.w3.org/2001/XMLSchema-instance"><con:restRequest name="get all orders" id="6e0be3cf-908a-42de-8cca-6a54b946211f" mediaType="application/json"><con:settings><con:setting id="com.eviware.soapui.impl.wsdl.WsdlRequest@request-headers">&lt;entry key="Authorization" value="${#Project#token1}" xmlns="http://eviware.com/soapui/config"/></con:setting></con:settings><con:endpoint>https://ecommerceservice.herokuapp.com</con:endpoint><con:request/><con:originalUri>https://ecommerceservice.herokuapp.com/orders</con:originalUri><con:assertion type="Valid HTTP Status Codes" id="3972dfcb-1fae-49f8-88c8-3e24e1d31e05" name="Valid HTTP Status Codes"><con:configuration><codes>200</codes></con:configuration></con:assertion><con:credentials><con:authType>No Authorization</con:authType></con:credentials><con:jmsConfig JMSDeliveryMode="PERSISTENT"/><con:jmsPropertyConfig/><con:parameters/></con:restRequest></con:config></con:testStep><con:testStep type="restrequest" name="create order" id="cb7ed0e3-943a-4e51-9ccd-95d433737f68"><con:settings/><con:config service="https://ecommerceservice.herokuapp.com" resourcePath="/orders" methodName="create order" xsi:type="con:RestRequestStep" xmlns:xsi="http://www.w3.org/2001/XMLSchema-instance"><con:restRequest name="create order" id="7b05c432-2d14-4644-8c01-51086bb896e6" mediaType="application/json" postQueryString="false"><con:settings><con:setting id="com.eviware.soapui.impl.wsdl.WsdlRequest@request-headers">&lt;entry key="Authorization" value="${#Project#token1}" xmlns="http://eviware.com/soapui/config"/></con:setting></con:settings><con:endpoint>https://ecommerceservice.herokuapp.com</con:endpoint><con:request>
{
	"product": "${Properties#product}",
	"quantity": "${Properties#quantity}"
}</con:request><con:originalUri>https://ecommerceservice.herokuapp.com/orders</con:originalUri><con:assertion type="Valid HTTP Status Codes" id="13bb1d71-c08c-4417-84d4-98b305e6aab8" name="Valid HTTP Status Codes"><con:configuration><codes>201</codes></con:configuration></con:assertion><con:credentials><con:authType>No Authorization</con:authType></con:credentials><con:jmsConfig JMSDeliveryMode="PERSISTENT"/><con:jmsPropertyConfig/><con:parameters/></con:restRequest></con:config></con:testStep><con:testStep type="restrequest" name="update order by id" id="349d7987-5788-47dd-b552-24672e37501d"><con:settings/><con:config service="https://ecommerceservice.herokuapp.com" resourcePath="/orders/${#TestSuite#id2}" methodName="update order by id" xsi:type="con:RestRequestStep" xmlns:xsi="http://www.w3.org/2001/XMLSchema-instance"><con:restRequest name="update order by id" id="c009eaae-e674-4225-9c9e-469a4a237a07" mediaType="application/json" postQueryString="false"><con:settings><con:setting id="com.eviware.soapui.impl.wsdl.WsdlRequest@request-headers">&lt;entry key="Authorization" value="${#Project#token1}" xmlns="http://eviware.com/soapui/config"/></con:setting></con:settings><con:endpoint>https://ecommerceservice.herokuapp.com</con:endpoint><con:request>{
	"product": "${Properties#product}",
	"quantity": "${Properties#quantity}"
}</con:request><con:originalUri>https://ecommerceservice.herokuapp.com/</con:originalUri><con:assertion type="Valid HTTP Status Codes" id="ab397de5-a05e-4f07-b677-23643389757f" name="Valid HTTP Status Codes"><con:configuration><codes>200</codes></con:configuration></con:assertion><con:credentials><con:authType>No Authorization</con:authType></con:credentials><con:jmsConfig JMSDeliveryMode="PERSISTENT"/><con:jmsPropertyConfig/><con:parameters/><con:parameterOrder/></con:restRequest></con:config></con:testStep><con:testStep type="restrequest" name="get order by id" id="63ff5983-8147-411c-b185-dd9515ab9ea4"><con:settings/><con:config service="https://ecommerceservice.herokuapp.com" resourcePath="/orders/${#TestSuite#id2}" methodName="Id 1" xsi:type="con:RestRequestStep" xmlns:xsi="http://www.w3.org/2001/XMLSchema-instance"><con:restRequest name="get order by id" id="5d982500-d2d3-4281-9711-cc24b328a400" mediaType="application/json"><con:settings><con:setting id="com.eviware.soapui.impl.wsdl.WsdlRequest@request-headers">&lt;entry key="Authorization" value="${#Project#token1}" xmlns="http://eviware.com/soapui/config"/></con:setting></con:settings><con:endpoint>https://ecommerceservice.herokuapp.com</con:endpoint><con:request/><con:originalUri>https://ecommerceservice.herokuapp.com/orders/6227ad851fccff0017b3c81d</con:originalUri><con:assertion type="Valid HTTP Status Codes" id="2ab46632-b521-443f-af0d-14e29864ac92" name="Valid HTTP Status Codes"><con:configuration><codes>201</codes></con:configuration></con:assertion><con:credentials><con:authType>No Authorization</con:authType></con:credentials><con:jmsConfig JMSDeliveryMode="PERSISTENT"/><con:jmsPropertyConfig/><con:parameters/><con:parameterOrder/></con:restRequest></con:config></con:testStep><con:testStep type="restrequest" name="delete" id="31e4a344-fe98-46a6-a74b-ebdceb3f3467"><con:settings/><con:config service="https://ecommerceservice.herokuapp.com" resourcePath="/orders/${#TestSuite#id2}" methodName="delete" xsi:type="con:RestRequestStep" xmlns:xsi="http://www.w3.org/2001/XMLSchema-instance"><con:restRequest name="delete" id="9fcbc283-6dd5-426a-b205-2da4492c4ac7" mediaType="application/json" postQueryString="false"><con:settings><con:setting id="com.eviware.soapui.impl.wsdl.WsdlRequest@request-headers">&lt;entry key="Authorization" value="${#Project#token1}" xmlns="http://eviware.com/soapui/config"/></con:setting></con:settings><con:endpoint>https://ecommerceservice.herokuapp.com</con:endpoint><con:request/><con:originalUri>https://ecommerceservice.herokuapp.com/orders/6227ad851fccff0017b3c81d</con:originalUri><con:assertion type="GroovyScriptAssertion" id="dae08021-d803-46db-b1da-e2ed43fa23ff" name="Script Assertion"><con:configuration><scriptText>// We need to input the library to read json files
import groovy.json.JsonSlurper
//we need to store the response
def response = context.testCase.getTestStepByName("get all orders").getPropertyValue("Response")
//Stripping the response into a json script
def holder = new JsonSlurper().parseText(response)
// getting only the count
// def count = holder.count
def id = holder.orders[45]._id
context.testCase.testSuite.setPropertyValue("id2", id)</scriptText></con:configuration></con:assertion><con:credentials><con:authType>No Authorization</con:authType></con:credentials><con:jmsConfig JMSDeliveryMode="PERSISTENT"/><con:jmsPropertyConfig/><con:parameters/><con:parameterOrder/></con:restRequest></con:config></con:testStep><con:properties/></con:testCase><con:properties><con:property><con:name>id2</con:name><con:value>62284f71d7cea500172f12c1</con:value></con:property></con:properties></con:testSuite><con:properties><con:property><con:name>token1</con:name><con:value>bearer eyJhbGciOiJIUzI1NiIsInR5cCI6IkpXVCJ9.eyJfaWQiOiI2MjI3YzExZTFmY2NmZjAwMTdiM2M4MzYiLCJpYXQiOjE2NDY4MDE3OTksImV4cCI6MTY0Njg4ODE5OX0.EWuMSfmYbFDVTo1yaWnezG_Pug4ATbpFVPO8lZV3ITk</con:value></con:property></con:properties><con:wssContainer/><con:oAuth2ProfileContainer/><con:oAuth1ProfileContainer/><con:sensitiveInformation/></con:soapui-project>