<?xml version="1.0" encoding="UTF-8"?>
<con:soapui-project id="f053d7e2-ee93-4e8a-8db6-f1236d89564a" activeEnvironment="Default" name="ShoppingService" resourceRoot="${projectDir}" soapui-version="5.7.0" abortOnError="false" runType="SEQUENTIAL" xmlns:con="http://eviware.com/soapui/config"><con:settings/><con:interface xsi:type="con:WsdlInterface" id="53a3d177-507d-4028-84f0-3a8cf98ddec2" wsaVersion="NONE" name="ShoppingServiceSoapBinding" type="wsdl" bindingName="{http://expertz.me/service/eCommerce/ShoppingService/1.0}ShoppingServiceSoapBinding" soapVersion="1_1" anonymous="optional" definition="file:/F:/soapUI/Resources/ShoppingService.wsdl" xmlns:xsi="http://www.w3.org/2001/XMLSchema-instance"><con:settings/><con:definitionCache type="TEXT" rootPart="file:\F:\soapUI\Resources\ShoppingService.wsdl"><con:part><con:url>file:\F:\soapUI\Resources\ShoppingService.wsdl</con:url><con:content><![CDATA[<definitions name="ShoppingService" targetNamespace="http://expertz.me/service/eCommerce/ShoppingService/1.0" xmlns="http://schemas.xmlsoap.org/wsdl/" xmlns:sdt="http://expertz.me/data/eCommerce/ShoppingService/1.0" xmlns:wsdl="http://schemas.xmlsoap.org/wsdl/" xmlns:ss="http://expertz.me/service/eCommerce/ShoppingService/1.0" xmlns:xsd="http://www.w3.org/2001/XMLSchema" xmlns:soap="http://schemas.xmlsoap.org/wsdl/soap/" xmlns:xsi="http://www.w3.org/2001/XMLSchema-instance">
  <types>
    <xsd:schema>
      <xsd:import namespace="http://expertz.me/data/eCommerce/ShoppingService/1.0" schemaLocation="ShoppingService.xsd"/>
    </xsd:schema>
  </types>
  <message name="loginRequest">
    <part name="loginRequest" element="sdt:loginRequest"/>
  </message>
  <message name="loginResponse">
    <part name="sessionId" element="sdt:sessionId"/>
  </message>
  <message name="login_faultMsg">
    <part name="loginFault" element="sdt:faultMessage"/>
  </message>
  <message name="findRequest">
    <part name="findRequest" element="sdt:findRequest"/>
  </message>
  <message name="findResponse">
    <part name="findResponse" element="sdt:findResponse"/>
  </message>
  <message name="find_faultMsg">
    <part name="findFault" element="sdt:faultMessage"/>
  </message>
  <message name="purchaseRequest">
    <part name="purchaseRequest" element="sdt:purchaseRequest"/>
  </message>
  <message name="purchaseResponse">
    <part name="purchaseResponse" element="sdt:purchaseResponse"/>
  </message>
  <message name="purchase_faultMsg">
    <part name="purchaseFault" element="sdt:faultMessage"/>
  </message>
  <message name="logoutRequest">
    <part name="logoutRequest" element="sdt:logoutRequest"/>
  </message>
  <message name="logoutResponse">
    <part name="logoutResponse" element="sdt:logoutResponse"/>
  </message>
  <message name="logout_faultMsg">
    <part name="logoutFault" element="sdt:faultMessage"/>
  </message>
  <portType name="ShoppingServicePt">
    <operation name="login">
      <input message="ss:loginRequest"/>
      <output message="ss:loginResponse"/>
      <fault name="fault" message="ss:login_faultMsg"/>
    </operation>
    <operation name="logout">
      <input message="ss:logoutRequest"/>
      <output message="ss:logoutResponse"/>
      <fault name="fault" message="ss:logout_faultMsg"/>
    </operation>
    <operation name="find">
      <input message="ss:findRequest"/>
      <output message="ss:findResponse"/>
      <fault name="fault" message="ss:find_faultMsg"/>
    </operation>
    <operation name="purchase">
      <input message="ss:purchaseRequest"/>
      <output message="ss:purchaseResponse"/>
      <fault name="fault" message="ss:purchase_faultMsg"/>
    </operation>
  </portType>
  <binding name="ShoppingServiceSoapBinding" type="ss:ShoppingServicePt">
    <soap:binding style="document" transport="http://schemas.xmlsoap.org/soap/http"/>
    <operation name="login">
      <soap:operation soapAction="http://expertz.me/service/eCommerce/ShoppingService/1.0/login"/>
      <input>
        <soap:body use="literal"/>
      </input>
      <output>
        <soap:body use="literal"/>
      </output>
      <fault name="fault">
        <soap:fault name="fault" use="literal"/>
      </fault>
    </operation>
    <operation name="logout">
      <soap:operation soapAction="http://expertz.me/service/eCommerce/ShoppingService/1.0/logout"/>
      <input>
        <soap:body use="literal"/>
      </input>
      <output>
        <soap:body use="literal"/>
      </output>
    </operation>
    <operation name="find">
      <soap:operation soapAction="http://expertz.me/service/eCommerce/ShoppingService/1.0/find"/>
      <input>
        <soap:body use="literal"/>
      </input>
      <output>
        <soap:body use="literal"/>
      </output>
    </operation>
    <operation name="purchase">
      <soap:operation soapAction="http://expertz.me/service/eCommerce/ShoppingService/1.0/purchase"/>
      <input>
        <soap:body use="literal"/>
      </input>
      <output>
        <soap:body use="literal"/>
      </output>
    </operation>
  </binding>
  <service name="ShoppingService">
    <port name="ShoppingServicePort" binding="ss:ShoppingServiceSoapBinding">
      <soap:address location="http://localhost:8088/mockShoppingService"/>
    </port>
  </service>
</definitions>]]></con:content><con:type>http://schemas.xmlsoap.org/wsdl/</con:type></con:part><con:part><con:url>file:\F:\soapUI\Resources\ShoppingService.xsd</con:url><con:content><![CDATA[<xsd:schema targetNamespace="http://expertz.me/data/eCommerce/ShoppingService/1.0" elementFormDefault="qualified" xmlns:xsd="http://www.w3.org/2001/XMLSchema" xmlns:smsg="http://expertz.me/data/eCommerce/ShoppingService/1.0">
  <xsd:element name="faultMessage" type="xsd:string"/>
  <xsd:complexType name="FaultMessage">
    <xsd:sequence>
      <xsd:element name="errorCode" type="xsd:string"/>
      <xsd:element name="errorDesc" type="xsd:string"/>
    </xsd:sequence>
  </xsd:complexType>
  <xsd:element name="sessionId" type="smsg:SessionId"/>
  <xsd:simpleType name="SessionId">
    <xsd:restriction base="xsd:string"/>
  </xsd:simpleType>
  <xsd:simpleType name="PurchaseItem">
    <xsd:restriction base="xsd:string"/>
  </xsd:simpleType>
  <xsd:element name="purchaseRequest">
    <xsd:complexType>
      <xsd:sequence>
        <xsd:element name="sessionId" type="smsg:SessionId"/>
        <xsd:element name="purchaseItem" type="smsg:PurchaseItem"/>
      </xsd:sequence>
    </xsd:complexType>
  </xsd:element>
  <xsd:element name="loginRequest">
    <xsd:complexType>
      <xsd:sequence>
        <xsd:element name="username" type="xsd:string"/>
        <xsd:element name="password" type="xsd:string"/>
      </xsd:sequence>
    </xsd:complexType>
  </xsd:element>
  <xsd:element name="logoutRequest">
    <xsd:complexType>
      <xsd:sequence>
        <xsd:element name="sessionId" type="smsg:SessionId"/>
      </xsd:sequence>
    </xsd:complexType>
  </xsd:element>
  <xsd:element name="logoutResponse">
    <xsd:complexType>
      <xsd:sequence>
        <xsd:element name="logoutMessage" type="xsd:string"/>
      </xsd:sequence>
    </xsd:complexType>
  </xsd:element>
  <xsd:element name="findRequest">
    <xsd:complexType>
      <xsd:sequence>
        <xsd:element name="sessionId" type="xsd:string"/>
        <xsd:element name="findString" type="xsd:string"/>
      </xsd:sequence>
    </xsd:complexType>
  </xsd:element>
  <xsd:element name="findResponse">
    <xsd:complexType>
      <xsd:sequence>
        <xsd:element name="item" type="smsg:ItemType"/>
      </xsd:sequence>
    </xsd:complexType>
  </xsd:element>
  <xsd:complexType name="ItemType">
    <xsd:sequence>
      <xsd:element name="id" type="xsd:string"/>
      <xsd:element name="description" type="xsd:string"/>
      <xsd:element name="price" type="xsd:string"/>
    </xsd:sequence>
  </xsd:complexType>
  <xsd:element name="purchaseResponse">
    <xsd:complexType>
      <xsd:sequence>
        <xsd:element name="purchaseStatus" type="smsg:PurchaseStatusType"/>
      </xsd:sequence>
    </xsd:complexType>
  </xsd:element>
  <xsd:complexType name="PurchaseStatusType">
    <xsd:sequence>
      <xsd:element name="id" type="xsd:string"/>
      <xsd:element name="stockStatus" type="xsd:string"/>
      <xsd:element name="expectedDelivery" type="xsd:string"/>
    </xsd:sequence>
  </xsd:complexType>
</xsd:schema>]]></con:content><con:type>http://www.w3.org/2001/XMLSchema</con:type></con:part></con:definitionCache><con:endpoints><con:endpoint>http://LAPTOP-6DNV76IJ:8088/mockShoppingServiceSoapBinding</con:endpoint><con:endpoint>http://localhost:8088/mockShoppingService</con:endpoint></con:endpoints><con:operation id="2bd41a7b-3ac6-4786-b39c-2b0012275570" isOneWay="false" action="http://expertz.me/service/eCommerce/ShoppingService/1.0/find" name="find" bindingOperationName="find" type="Request-Response" inputName="" receivesAttachments="false" sendsAttachments="false" anonymous="optional"><con:settings/><con:call id="8a407c76-0206-4d80-adfa-a1818bf8c337" name="Request 1"><con:settings/><con:encoding>UTF-8</con:encoding><con:endpoint>http://localhost:8088/mockShoppingService</con:endpoint><con:request><![CDATA[<soapenv:Envelope xmlns:soapenv="http://schemas.xmlsoap.org/soap/envelope/" xmlns:ns="http://expertz.me/data/eCommerce/ShoppingService/1.0">\r
   <soapenv:Header/>\r
   <soapenv:Body>\r
      <ns:findRequest>\r
         <ns:sessionId>?</ns:sessionId>\r
         <ns:findString>?</ns:findString>\r
      </ns:findRequest>\r
   </soapenv:Body>\r
</soapenv:Envelope>]]></con:request><con:wsaConfig mustUnderstand="NONE" version="200508" action="http://expertz.me/service/eCommerce/ShoppingService/1.0/find"/></con:call></con:operation><con:operation id="e25ab3b2-48bf-4e1d-b5f9-b76a1fe4a8af" isOneWay="false" action="http://expertz.me/service/eCommerce/ShoppingService/1.0/login" name="login" bindingOperationName="login" type="Request-Response" inputName="" receivesAttachments="false" sendsAttachments="false" anonymous="optional"><con:settings/><con:call id="171f50de-dea1-4367-beb3-44657acf23c1" name="valid request"><con:settings><con:setting id="com.eviware.soapui.impl.wsdl.WsdlRequest@request-headers">&lt;xml-fragment/></con:setting></con:settings><con:encoding>UTF-8</con:encoding><con:endpoint>http://LAPTOP-6DNV76IJ:8088/mockShoppingServiceSoapBinding</con:endpoint><con:request><![CDATA[<soapenv:Envelope xmlns:soapenv="http://schemas.xmlsoap.org/soap/envelope/" xmlns:ns="http://expertz.me/data/eCommerce/ShoppingService/1.0">\r
   <soapenv:Header/>\r
   <soapenv:Body>\r
      <ns:loginRequest>\r
         <ns:username>hjkloi</ns:username>\r
         <ns:password>welcome</ns:password>\r
      </ns:loginRequest>\r
   </soapenv:Body>\r
</soapenv:Envelope>]]></con:request><con:credentials><con:authType>No Authorization</con:authType></con:credentials><con:jmsConfig JMSDeliveryMode="PERSISTENT"/><con:jmsPropertyConfig/><con:wsaConfig mustUnderstand="NONE" version="200508" action="http://expertz.me/service/eCommerce/ShoppingService/1.0/login"/><con:wsrmConfig version="1.2"/></con:call><con:call id="9aea9344-288a-4a32-af6e-5c26428f21b7" name="invalid request"><con:settings><con:setting id="com.eviware.soapui.impl.wsdl.WsdlRequest@request-headers">&lt;xml-fragment/></con:setting></con:settings><con:encoding>UTF-8</con:encoding><con:endpoint>http://LAPTOP-6DNV76IJ:8088/mockShoppingServiceSoapBinding</con:endpoint><con:request><![CDATA[<soapenv:Envelope xmlns:soapenv="http://schemas.xmlsoap.org/soap/envelope/" xmlns:ns="http://expertz.me/data/eCommerce/ShoppingService/1.0">\r
   <soapenv:Header/>\r
   <soapenv:Body>\r
      <ns:loginRequest>\r
         <ns:username>?</ns:username>\r
         <ns:password>?</ns:password>\r
      </ns:loginRequest>\r
   </soapenv:Body>\r
</soapenv:Envelope>]]></con:request><con:credentials><con:authType>No Authorization</con:authType></con:credentials><con:jmsConfig JMSDeliveryMode="PERSISTENT"/><con:jmsPropertyConfig/><con:wsaConfig mustUnderstand="NONE" version="200508" action="http://expertz.me/service/eCommerce/ShoppingService/1.0/login"/><con:wsrmConfig version="1.2"/></con:call></con:operation><con:operation id="b2cbc327-5d98-4700-8de3-1a67cc45e0d3" isOneWay="false" action="http://expertz.me/service/eCommerce/ShoppingService/1.0/logout" name="logout" bindingOperationName="logout" type="Request-Response" inputName="" receivesAttachments="false" sendsAttachments="false" anonymous="optional"><con:settings/><con:call id="eeb303de-2e2b-4a93-abee-2a2e1af3370d" name="Request 1"><con:settings/><con:encoding>UTF-8</con:encoding><con:endpoint>http://localhost:8088/mockShoppingService</con:endpoint><con:request><![CDATA[<soapenv:Envelope xmlns:soapenv="http://schemas.xmlsoap.org/soap/envelope/" xmlns:ns="http://expertz.me/data/eCommerce/ShoppingService/1.0">\r
   <soapenv:Header/>\r
   <soapenv:Body>\r
      <ns:logoutRequest>\r
         <ns:sessionId>?</ns:sessionId>\r
      </ns:logoutRequest>\r
   </soapenv:Body>\r
</soapenv:Envelope>]]></con:request><con:wsaConfig mustUnderstand="NONE" version="200508" action="http://expertz.me/service/eCommerce/ShoppingService/1.0/logout"/></con:call></con:operation><con:operation id="2eb8b427-d281-4334-902f-bda963631d10" isOneWay="false" action="http://expertz.me/service/eCommerce/ShoppingService/1.0/purchase" name="purchase" bindingOperationName="purchase" type="Request-Response" inputName="" receivesAttachments="false" sendsAttachments="false" anonymous="optional"><con:settings/><con:call id="1a019544-2ae9-4da0-bbcf-1634712cf12f" name="Request 1"><con:settings/><con:encoding>UTF-8</con:encoding><con:endpoint>http://localhost:8088/mockShoppingService</con:endpoint><con:request><![CDATA[<soapenv:Envelope xmlns:soapenv="http://schemas.xmlsoap.org/soap/envelope/" xmlns:ns="http://expertz.me/data/eCommerce/ShoppingService/1.0">\r
   <soapenv:Header/>\r
   <soapenv:Body>\r
      <ns:purchaseRequest>\r
         <ns:sessionId>?</ns:sessionId>\r
         <ns:purchaseItem>?</ns:purchaseItem>\r
      </ns:purchaseRequest>\r
   </soapenv:Body>\r
</soapenv:Envelope>]]></con:request><con:wsaConfig mustUnderstand="NONE" version="200508" action="http://expertz.me/service/eCommerce/ShoppingService/1.0/purchase"/></con:call></con:operation></con:interface><con:testSuite id="2eb34844-4752-43e5-8e84-67fd09ba41c5" name="ShoppingServiceTS"><con:settings/><con:runType>SEQUENTIAL</con:runType><con:testCase id="fb1aea93-6f0b-4558-b86e-075f85554c85" failOnError="true" failTestCaseOnErrors="true" keepSession="false" maxResults="0" name="Traditional Login and Logout" searchProperties="true"><con:settings/><con:testStep type="properties" name="username&amp;passwordProperties" id="40af2e6f-8dd3-43b5-92b6-15fee37bb9a8"><con:settings/><con:config xsi:type="con:PropertiesStep" saveFirst="true" xmlns:xsi="http://www.w3.org/2001/XMLSchema-instance"><con:properties><con:property><con:name>username</con:name><con:value>patiil</con:value></con:property><con:property><con:name>password</con:name><con:value>welcome12</con:value></con:property></con:properties></con:config></con:testStep><con:testStep type="transfer" name="username&amp;passwordProperties Property Transfer" id="37afb0b5-e347-467d-94d8-1a90bd9fae2c"><con:settings/><con:config xsi:type="con:PropertyTransfersStep" xmlns:xsi="http://www.w3.org/2001/XMLSchema-instance"><con:transfers setNullOnMissingSource="true" transferTextContent="true" failOnError="true" ignoreEmpty="false" transferToAll="false" entitize="false" transferChildNodes="false"><con:name>username</con:name><con:sourceType>username</con:sourceType><con:sourceStep>username&amp;passwordProperties</con:sourceStep><con:targetType>Request</con:targetType><con:targetStep>login</con:targetStep><con:targetPath>declare namespace soap='http://schemas.xmlsoap.org/soap/envelope/';
declare namespace ns1='http://expertz.me/data/eCommerce/ShoppingService/1.0';
declare namespace ns2='http://expertz.me/service/eCommerce/ShoppingService/1.0';

//*:username</con:targetPath><con:upgraded>true</con:upgraded></con:transfers><con:transfers setNullOnMissingSource="true" transferTextContent="true" failOnError="true" ignoreEmpty="false" transferToAll="false" entitize="false" transferChildNodes="false"><con:name>password</con:name><con:sourceType>password</con:sourceType><con:sourceStep>username&amp;passwordProperties</con:sourceStep><con:targetType>Request</con:targetType><con:targetStep>login</con:targetStep><con:targetPath>declare namespace soap='http://schemas.xmlsoap.org/soap/envelope/';
declare namespace ns1='http://expertz.me/data/eCommerce/ShoppingService/1.0';
declare namespace ns2='http://expertz.me/service/eCommerce/ShoppingService/1.0';

//*:password</con:targetPath><con:upgraded>true</con:upgraded></con:transfers></con:config></con:testStep><con:testStep type="request" name="login" id="beb5a769-0c25-4770-b42e-fe08510f0051"><con:settings/><con:config xsi:type="con:RequestStep" xmlns:xsi="http://www.w3.org/2001/XMLSchema-instance"><con:interface>ShoppingServiceSoapBinding</con:interface><con:operation>login</con:operation><con:request name="login" id="90e98c76-e5d5-435e-bf2a-9e080cb99e3c"><con:settings><con:setting id="com.eviware.soapui.impl.wsdl.WsdlRequest@request-headers">&lt;xml-fragment/></con:setting></con:settings><con:encoding>UTF-8</con:encoding><con:endpoint>http://LAPTOP-6DNV76IJ:8088/mockShoppingServiceSoapBinding</con:endpoint><con:request><![CDATA[<soapenv:Envelope xmlns:soapenv="http://schemas.xmlsoap.org/soap/envelope/" xmlns:ns="http://expertz.me/data/eCommerce/ShoppingService/1.0">
   <soapenv:Header/>
   <soapenv:Body>
      <ns:loginRequest>
         <ns:username>patiil</ns:username>
         <ns:password>welcome12</ns:password>
      </ns:loginRequest>
   </soapenv:Body>
</soapenv:Envelope>]]></con:request><con:assertion type="SOAP Response" id="ec1e13b9-7ec0-4abe-b81a-47cd9b5fb17f"/><con:assertion type="Schema Compliance" id="d84382da-1f01-4be6-8a69-ada070101039"><con:configuration/></con:assertion><con:assertion type="SOAP Fault Assertion" id="10856a34-49b3-4e55-9071-9248200b1c4a"/><con:credentials><con:authType>No Authorization</con:authType></con:credentials><con:jmsConfig JMSDeliveryMode="PERSISTENT"/><con:jmsPropertyConfig/><con:wsaConfig mustUnderstand="NONE" version="200508"/><con:wsrmConfig version="1.2"/></con:request></con:config></con:testStep><con:testStep type="properties" name="itemFind Properties" id="628ece77-67ce-4ada-ab67-3177f469043f"><con:settings/><con:config xsi:type="con:PropertiesStep" saveFirst="true" xmlns:xsi="http://www.w3.org/2001/XMLSchema-instance"><con:properties><con:property><con:name>findString</con:name><con:value>Android Tablet</con:value></con:property></con:properties></con:config></con:testStep><con:testStep type="transfer" name="itemFind Transfer" id="c6387963-cf22-45ae-822c-915f435c8eb9"><con:settings/><con:config xsi:type="con:PropertyTransfersStep" xmlns:xsi="http://www.w3.org/2001/XMLSchema-instance"><con:transfers setNullOnMissingSource="true" transferTextContent="true" failOnError="true" ignoreEmpty="false" transferToAll="false" entitize="false" transferChildNodes="false"><con:name>findString</con:name><con:sourceType>findString</con:sourceType><con:sourceStep>itemFind Properties</con:sourceStep><con:targetType>Request</con:targetType><con:targetStep>Find</con:targetStep><con:targetPath>declare namespace soap='http://schemas.xmlsoap.org/soap/envelope/';
declare namespace ns1='http://expertz.me/data/eCommerce/ShoppingService/1.0';
declare namespace ns2='http://expertz.me/service/eCommerce/ShoppingService/1.0';

//*:findString</con:targetPath><con:upgraded>true</con:upgraded></con:transfers></con:config></con:testStep><con:testStep type="transfer" name="Find sessionID transfer" id="60eb4484-273f-4d75-9632-d1c76dc5eeda"><con:settings/><con:config xsi:type="con:PropertyTransfersStep" xmlns:xsi="http://www.w3.org/2001/XMLSchema-instance"><con:transfers setNullOnMissingSource="true" transferTextContent="true" failOnError="true" ignoreEmpty="false" transferToAll="false" entitize="false" transferChildNodes="false"><con:name>sessionID</con:name><con:sourceType>Response</con:sourceType><con:sourceStep>login</con:sourceStep><con:sourcePath>declare namespace soap='http://schemas.xmlsoap.org/soap/envelope/';
declare namespace ns1='http://expertz.me/data/eCommerce/ShoppingService/1.0';
declare namespace ns2='http://expertz.me/service/eCommerce/ShoppingService/1.0';
//*:sessionId</con:sourcePath><con:targetType>Request</con:targetType><con:targetStep>Find</con:targetStep><con:targetPath>declare namespace soap='http://schemas.xmlsoap.org/soap/envelope/';
declare namespace ns1='http://expertz.me/data/eCommerce/ShoppingService/1.0';
declare namespace ns2='http://expertz.me/service/eCommerce/ShoppingService/1.0';

//*:sessionId</con:targetPath><con:upgraded>true</con:upgraded></con:transfers></con:config></con:testStep><con:testStep type="request" name="Find" id="1cb96344-104f-4f30-bc13-d71fb4c3e53e"><con:settings/><con:config xsi:type="con:RequestStep" xmlns:xsi="http://www.w3.org/2001/XMLSchema-instance"><con:interface>ShoppingServiceSoapBinding</con:interface><con:operation>find</con:operation><con:request name="Find" id="e7644253-1e2f-4607-98b4-774983e8bcc2"><con:settings><con:setting id="com.eviware.soapui.impl.wsdl.WsdlRequest@request-headers">&lt;xml-fragment/></con:setting></con:settings><con:encoding>UTF-8</con:encoding><con:endpoint>http://LAPTOP-6DNV76IJ:8088/mockShoppingServiceSoapBinding</con:endpoint><con:request><![CDATA[<soapenv:Envelope xmlns:soapenv="http://schemas.xmlsoap.org/soap/envelope/" xmlns:ns="http://expertz.me/data/eCommerce/ShoppingService/1.0">
   <soapenv:Header/>
   <soapenv:Body>
      <ns:findRequest>
         <ns:sessionId>4018511890170414</ns:sessionId>
         <ns:findString>Android Tablet</ns:findString>
      </ns:findRequest>
   </soapenv:Body>
</soapenv:Envelope>]]></con:request><con:assertion type="SOAP Response" id="bb5e845b-3b03-4e1b-8a5c-df8ae37a31ff"/><con:assertion type="Schema Compliance" id="3da487e1-0c82-4815-bc75-ec285bcc45c0"><con:configuration/></con:assertion><con:assertion type="SOAP Fault Assertion" id="555de54c-bc5d-4350-a288-a792f8e2410a"/><con:credentials><con:authType>No Authorization</con:authType></con:credentials><con:jmsConfig JMSDeliveryMode="PERSISTENT"/><con:jmsPropertyConfig/><con:wsaConfig mustUnderstand="NONE" version="200508"/><con:wsrmConfig version="1.2"/></con:request></con:config></con:testStep><con:testStep type="transfer" name="ItemPurchase Property Transfer" id="e90ffade-181b-4ad2-819e-398fb3c7bc92"><con:settings/><con:config xsi:type="con:PropertyTransfersStep" xmlns:xsi="http://www.w3.org/2001/XMLSchema-instance"><con:transfers setNullOnMissingSource="true" transferTextContent="true" failOnError="true" ignoreEmpty="false" transferToAll="false" entitize="false" transferChildNodes="false"><con:name>purchaseItem</con:name><con:sourceType>Response</con:sourceType><con:sourceStep>Find</con:sourceStep><con:sourcePath>declare namespace soap='http://schemas.xmlsoap.org/soap/envelope/';
declare namespace ns1='http://expertz.me/data/eCommerce/ShoppingService/1.0';
declare namespace ns2='http://expertz.me/service/eCommerce/ShoppingService/1.0';
//*:description</con:sourcePath><con:targetType>Request</con:targetType><con:targetStep>purchase</con:targetStep><con:targetPath>declare namespace soap='http://schemas.xmlsoap.org/soap/envelope/';
declare namespace ns1='http://expertz.me/data/eCommerce/ShoppingService/1.0';
declare namespace ns2='http://expertz.me/service/eCommerce/ShoppingService/1.0';
//*:purchaseItem</con:targetPath><con:upgraded>true</con:upgraded></con:transfers></con:config></con:testStep><con:testStep type="transfer" name="Purchase sessionID transfer" id="8bb78a8a-e5c1-42f1-9594-1fb5415a149b"><con:settings/><con:config xsi:type="con:PropertyTransfersStep" xmlns:xsi="http://www.w3.org/2001/XMLSchema-instance"><con:transfers setNullOnMissingSource="true" transferTextContent="true" failOnError="true" ignoreEmpty="false" transferToAll="false" entitize="false" transferChildNodes="false"><con:name>sessionID</con:name><con:sourceType>Response</con:sourceType><con:sourceStep>login</con:sourceStep><con:sourcePath>declare namespace soap='http://schemas.xmlsoap.org/soap/envelope/';
declare namespace ns1='http://expertz.me/data/eCommerce/ShoppingService/1.0';
declare namespace ns2='http://expertz.me/service/eCommerce/ShoppingService/1.0';
//*:sessionId</con:sourcePath><con:targetType>Request</con:targetType><con:targetStep>purchase</con:targetStep><con:targetPath>declare namespace soap='http://schemas.xmlsoap.org/soap/envelope/';
declare namespace ns1='http://expertz.me/data/eCommerce/ShoppingService/1.0';
declare namespace ns2='http://expertz.me/service/eCommerce/ShoppingService/1.0';

//*:sessionId</con:targetPath><con:upgraded>true</con:upgraded></con:transfers></con:config></con:testStep><con:testStep type="request" name="purchase" id="cdf2a613-f1f2-4c29-bc83-eb525e872c56"><con:settings/><con:config xsi:type="con:RequestStep" xmlns:xsi="http://www.w3.org/2001/XMLSchema-instance"><con:interface>ShoppingServiceSoapBinding</con:interface><con:operation>purchase</con:operation><con:request name="purchase" id="ecc85f68-4511-4dcf-b631-e2fbccb84e65"><con:settings><con:setting id="com.eviware.soapui.impl.wsdl.WsdlRequest@request-headers">&lt;xml-fragment/></con:setting></con:settings><con:encoding>UTF-8</con:encoding><con:endpoint>http://LAPTOP-6DNV76IJ:8088/mockShoppingServiceSoapBinding</con:endpoint><con:request><![CDATA[<soapenv:Envelope xmlns:soapenv="http://schemas.xmlsoap.org/soap/envelope/" xmlns:ns="http://expertz.me/data/eCommerce/ShoppingService/1.0">
   <soapenv:Header/>
   <soapenv:Body>
      <ns:purchaseRequest>
         <ns:sessionId>4018511890170414</ns:sessionId>
         	<ns:purchaseItem>Android Tablet</ns:purchaseItem>
      </ns:purchaseRequest>
   </soapenv:Body>
</soapenv:Envelope>]]></con:request><con:assertion type="SOAP Response" id="01ad5217-449b-45b9-8d3a-9c558d1ac18e"/><con:assertion type="Schema Compliance" id="dd8a0167-0245-4f54-88c4-3caf6f4c87e6"><con:configuration/></con:assertion><con:assertion type="SOAP Fault Assertion" id="a13a59d9-ec48-4250-82c6-dbd0d64a6f42"/><con:credentials><con:authType>No Authorization</con:authType></con:credentials><con:jmsConfig JMSDeliveryMode="PERSISTENT"/><con:jmsPropertyConfig/><con:wsaConfig mustUnderstand="NONE" version="200508"/><con:wsrmConfig version="1.2"/></con:request></con:config></con:testStep><con:testStep type="transfer" name="Logout sessionID transfer" id="2c11ef25-f146-46d4-85b6-cf76df3d48bb"><con:settings/><con:config xsi:type="con:PropertyTransfersStep" xmlns:xsi="http://www.w3.org/2001/XMLSchema-instance"><con:transfers setNullOnMissingSource="true" transferTextContent="true" failOnError="true" ignoreEmpty="false" transferToAll="false" entitize="false" transferChildNodes="false"><con:name>sessionID</con:name><con:sourceType>Response</con:sourceType><con:sourceStep>login</con:sourceStep><con:sourcePath>declare namespace soap='http://schemas.xmlsoap.org/soap/envelope/';
declare namespace ns1='http://expertz.me/data/eCommerce/ShoppingService/1.0';
declare namespace ns2='http://expertz.me/service/eCommerce/ShoppingService/1.0';
//*:sessionId</con:sourcePath><con:targetType>Request</con:targetType><con:targetStep>logout</con:targetStep><con:targetPath>declare namespace soap='http://schemas.xmlsoap.org/soap/envelope/';
declare namespace ns1='http://expertz.me/data/eCommerce/ShoppingService/1.0';
declare namespace ns2='http://expertz.me/service/eCommerce/ShoppingService/1.0';

//*:sessionId</con:targetPath><con:upgraded>true</con:upgraded></con:transfers></con:config></con:testStep><con:testStep type="request" name="logout" id="36601670-6f30-467d-a44b-d7be69a76612"><con:settings/><con:config xsi:type="con:RequestStep" xmlns:xsi="http://www.w3.org/2001/XMLSchema-instance"><con:interface>ShoppingServiceSoapBinding</con:interface><con:operation>logout</con:operation><con:request name="logout" id="e579200f-94cb-4a12-924e-d7706adebad7"><con:settings><con:setting id="com.eviware.soapui.impl.wsdl.WsdlRequest@request-headers">&lt;xml-fragment/></con:setting></con:settings><con:encoding>UTF-8</con:encoding><con:endpoint>http://LAPTOP-6DNV76IJ:8088/mockShoppingServiceSoapBinding</con:endpoint><con:request><![CDATA[<soapenv:Envelope xmlns:soapenv="http://schemas.xmlsoap.org/soap/envelope/" xmlns:ns="http://expertz.me/data/eCommerce/ShoppingService/1.0">
   <soapenv:Header/>
   <soapenv:Body>
      <ns:logoutRequest>
         <ns:sessionId>4018511890170414</ns:sessionId>
      </ns:logoutRequest>
   </soapenv:Body>
</soapenv:Envelope>]]></con:request><con:assertion type="SOAP Response" id="41e639bc-fbd1-40f8-ae4b-0f210cb56f88"/><con:assertion type="Schema Compliance" id="bcb962e5-1b72-4a37-88ec-e61b0f57325c"><con:configuration/></con:assertion><con:assertion type="SOAP Fault Assertion" id="96567a4c-023d-447f-95c6-ec6bb9b4cb54"/><con:credentials><con:authType>No Authorization</con:authType></con:credentials><con:jmsConfig JMSDeliveryMode="PERSISTENT"/><con:jmsPropertyConfig/><con:wsaConfig mustUnderstand="NONE" version="200508"/><con:wsrmConfig version="1.2"/></con:request></con:config></con:testStep><con:properties/></con:testCase><con:testCase id="ee71d45d-f252-4ce3-a6bc-84a624172a35" failOnError="true" failTestCaseOnErrors="true" keepSession="false" maxResults="0" name="Property Expansion Login and Logout" searchProperties="true"><con:settings/><con:testStep type="properties" name="Properties" id="28b88c94-977d-4561-b900-445d74f73ef8"><con:settings/><con:config xsi:type="con:PropertiesStep" saveFirst="true" xmlns:xsi="http://www.w3.org/2001/XMLSchema-instance"><con:properties><con:property><con:name>username</con:name><con:value>Belinda</con:value></con:property><con:property><con:name>password</con:name><con:value>welcome2</con:value></con:property><con:property><con:name>findString</con:name><con:value>Android Tablet</con:value></con:property></con:properties></con:config></con:testStep><con:testStep type="request" name="Login" id="a3593840-e75a-4b8a-a2f3-18c14b42d61d"><con:settings/><con:config xsi:type="con:RequestStep" xmlns:xsi="http://www.w3.org/2001/XMLSchema-instance"><con:interface>ShoppingServiceSoapBinding</con:interface><con:operation>login</con:operation><con:request name="Login" id="90e98c76-e5d5-435e-bf2a-9e080cb99e3c"><con:settings><con:setting id="com.eviware.soapui.impl.wsdl.WsdlRequest@request-headers">&lt;xml-fragment/></con:setting></con:settings><con:encoding>UTF-8</con:encoding><con:endpoint>http://LAPTOP-6DNV76IJ:8088/mockShoppingServiceSoapBinding</con:endpoint><con:request><![CDATA[<soapenv:Envelope xmlns:soapenv="http://schemas.xmlsoap.org/soap/envelope/" xmlns:ns="http://expertz.me/data/eCommerce/ShoppingService/1.0">
   <soapenv:Header/>
   <soapenv:Body>
      <ns:loginRequest>
         <ns:username>${Properties#username}</ns:username>
         <ns:password>${Properties#password}</ns:password>
      </ns:loginRequest>
   </soapenv:Body>
</soapenv:Envelope>]]></con:request><con:assertion type="SOAP Response" id="ec1e13b9-7ec0-4abe-b81a-47cd9b5fb17f"/><con:assertion type="Schema Compliance" id="d84382da-1f01-4be6-8a69-ada070101039"><con:configuration/></con:assertion><con:assertion type="SOAP Fault Assertion" id="10856a34-49b3-4e55-9071-9248200b1c4a"/><con:credentials><con:authType>No Authorization</con:authType></con:credentials><con:jmsConfig JMSDeliveryMode="PERSISTENT"/><con:jmsPropertyConfig/><con:wsaConfig mustUnderstand="NONE" version="200508"/><con:wsrmConfig version="1.2"/></con:request></con:config></con:testStep><con:testStep type="request" name="Find" id="7087278d-6bea-4319-9815-949136c832fd"><con:settings/><con:config xsi:type="con:RequestStep" xmlns:xsi="http://www.w3.org/2001/XMLSchema-instance"><con:interface>ShoppingServiceSoapBinding</con:interface><con:operation>find</con:operation><con:request name="Find" id="d60570b1-c3ae-43d4-883d-58681117700c"><con:settings><con:setting id="com.eviware.soapui.impl.wsdl.WsdlRequest@request-headers">&lt;xml-fragment/></con:setting></con:settings><con:encoding>UTF-8</con:encoding><con:endpoint>http://LAPTOP-6DNV76IJ:8088/mockShoppingServiceSoapBinding</con:endpoint><con:request><![CDATA[<soapenv:Envelope xmlns:soapenv="http://schemas.xmlsoap.org/soap/envelope/" xmlns:ns="http://expertz.me/data/eCommerce/ShoppingService/1.0">\r
   <soapenv:Header/>\r
   <soapenv:Body>\r
      <ns:findRequest>\r
         <ns:sessionId>${Login#Response#//*:sessionId}</ns:sessionId>\r
         <ns:findString>${Properties#findString}</ns:findString>\r
      </ns:findRequest>\r
   </soapenv:Body>\r
</soapenv:Envelope>]]></con:request><con:assertion type="SOAP Response" id="12397bef-1401-4209-968c-8e2d9837a2ae"/><con:assertion type="Schema Compliance" id="8e193d6a-40f2-4c7d-b3dc-7e1bdc10059e"><con:configuration/></con:assertion><con:assertion type="SOAP Fault Assertion" id="65c47e5f-1e66-45db-b37f-b524cd7f38f4"/><con:credentials><con:authType>No Authorization</con:authType></con:credentials><con:jmsConfig JMSDeliveryMode="PERSISTENT"/><con:jmsPropertyConfig/><con:wsaConfig mustUnderstand="NONE" version="200508"/><con:wsrmConfig version="1.2"/></con:request></con:config></con:testStep><con:testStep type="groovy" name="To purchase or not to purchase" id="8b39c850-abef-44de-ab4b-45a4809fb733"><con:settings/><con:config><script>def username = context.expand('${Login#Request#//*:username}')
log.info username

if(username!= "Tanvi" )
{
	log.info "Not a previlaged user "
	testRunner.gotoStepByName("Logout")
}
else
{
	log.info "proceed to purchase"
}

</script></con:config></con:testStep><con:testStep type="request" name="Purchase" id="57e73415-4009-4e28-a2fb-bb7aad43bf9f"><con:settings/><con:config xsi:type="con:RequestStep" xmlns:xsi="http://www.w3.org/2001/XMLSchema-instance"><con:interface>ShoppingServiceSoapBinding</con:interface><con:operation>purchase</con:operation><con:request name="Purchase" id="16679662-e893-4350-af14-e396eadc70b2"><con:settings><con:setting id="com.eviware.soapui.impl.wsdl.WsdlRequest@request-headers">&lt;xml-fragment/></con:setting></con:settings><con:encoding>UTF-8</con:encoding><con:endpoint>http://LAPTOP-6DNV76IJ:8088/mockShoppingServiceSoapBinding</con:endpoint><con:request><![CDATA[<soapenv:Envelope xmlns:soapenv="http://schemas.xmlsoap.org/soap/envelope/" xmlns:ns="http://expertz.me/data/eCommerce/ShoppingService/1.0">\r
   <soapenv:Header/>\r
   <soapenv:Body>\r
      <ns:purchaseRequest>\r
         <ns:sessionId>${Login#Response#//*:sessionId}</ns:sessionId>\r
         <ns:purchaseItem>${Properties#findString}</ns:purchaseItem>\r
      </ns:purchaseRequest>\r
   </soapenv:Body>\r
</soapenv:Envelope>]]></con:request><con:assertion type="SOAP Response" id="3e8f787b-b019-49c1-886a-64623f470a1a"/><con:assertion type="Schema Compliance" id="28da3123-02b1-439b-a1ca-872139579089"><con:configuration/></con:assertion><con:assertion type="SOAP Fault Assertion" id="6a6260a8-748e-4ed2-be97-140719238641"/><con:credentials><con:authType>No Authorization</con:authType></con:credentials><con:jmsConfig JMSDeliveryMode="PERSISTENT"/><con:jmsPropertyConfig/><con:wsaConfig mustUnderstand="NONE" version="200508"/><con:wsrmConfig version="1.2"/></con:request></con:config></con:testStep><con:testStep type="request" name="Logout" id="2b7e5c42-d738-4ab0-8986-c4cb22c4dfb0"><con:settings/><con:config xsi:type="con:RequestStep" xmlns:xsi="http://www.w3.org/2001/XMLSchema-instance"><con:interface>ShoppingServiceSoapBinding</con:interface><con:operation>logout</con:operation><con:request name="Logout" id="19390bc2-d02d-4e00-a039-1a4fd3aa2bde"><con:settings><con:setting id="com.eviware.soapui.impl.wsdl.WsdlRequest@request-headers">&lt;xml-fragment/></con:setting></con:settings><con:encoding>UTF-8</con:encoding><con:endpoint>http://LAPTOP-6DNV76IJ:8088/mockShoppingServiceSoapBinding</con:endpoint><con:request><![CDATA[<soapenv:Envelope xmlns:soapenv="http://schemas.xmlsoap.org/soap/envelope/" xmlns:ns="http://expertz.me/data/eCommerce/ShoppingService/1.0">\r
   <soapenv:Header/>\r
   <soapenv:Body>\r
      <ns:logoutRequest>\r
         <ns:sessionId>${Login#Response#//*:sessionId}</ns:sessionId>\r
      </ns:logoutRequest>\r
   </soapenv:Body>\r
</soapenv:Envelope>]]></con:request><con:assertion type="SOAP Response" id="1343f473-ff18-443a-9fb4-c8feda957e1a"/><con:assertion type="Schema Compliance" id="1f050e98-1ff1-454f-8f6d-d69188a8ce9a"><con:configuration/></con:assertion><con:assertion type="SOAP Fault Assertion" id="d70afa70-34ed-4562-8658-e4e86ee362e8"/><con:credentials><con:authType>No Authorization</con:authType></con:credentials><con:jmsConfig JMSDeliveryMode="PERSISTENT"/><con:jmsPropertyConfig/><con:wsaConfig mustUnderstand="NONE" version="200508"/><con:wsrmConfig version="1.2"/></con:request></con:config></con:testStep><con:properties/></con:testCase><con:testCase id="23edc6dd-8a06-4f39-b7a9-eb228d237c98" failOnError="true" failTestCaseOnErrors="true" keepSession="false" maxResults="0" name="Script based execution" searchProperties="true"><con:settings/><con:testStep type="properties" name="Properties" id="6c8ab9fe-1849-480e-a219-b3da8873f589"><con:settings/><con:config xsi:type="con:PropertiesStep" saveFirst="true" xmlns:xsi="http://www.w3.org/2001/XMLSchema-instance"><con:properties><con:property><con:name>username</con:name><con:value>manali</con:value></con:property><con:property><con:name>password</con:name><con:value>Welccome2</con:value></con:property><con:property><con:name>findString</con:name><con:value>Android Tablet</con:value></con:property></con:properties></con:config></con:testStep><con:testStep type="request" name="Login" id="fdf23eb1-76b3-492c-a5db-7069ca53f803"><con:settings/><con:config xsi:type="con:RequestStep" xmlns:xsi="http://www.w3.org/2001/XMLSchema-instance"><con:interface>ShoppingServiceSoapBinding</con:interface><con:operation>login</con:operation><con:request name="Login" id="cf7c8274-d40e-4657-92d7-1662f4d0a9f8"><con:settings><con:setting id="com.eviware.soapui.impl.wsdl.WsdlRequest@request-headers">&lt;xml-fragment/></con:setting></con:settings><con:encoding>UTF-8</con:encoding><con:endpoint>http://LAPTOP-6DNV76IJ:8088/mockShoppingServiceSoapBinding</con:endpoint><con:request><![CDATA[<soapenv:Envelope xmlns:soapenv="http://schemas.xmlsoap.org/soap/envelope/" xmlns:ns="http://expertz.me/data/eCommerce/ShoppingService/1.0">\r
   <soapenv:Header/>\r
   <soapenv:Body>\r
      <ns:loginRequest>\r
         <ns:username>${Properties#username}</ns:username>
         <ns:password>${Properties#password}</ns:password>
      </ns:loginRequest>\r
   </soapenv:Body>\r
</soapenv:Envelope>]]></con:request><con:assertion type="SOAP Response" id="556ca372-6cfb-468a-8806-65f7f66df5c8"/><con:assertion type="Schema Compliance" id="78f75c36-c0b8-437c-9c02-6482e427c044"><con:configuration/></con:assertion><con:assertion type="SOAP Fault Assertion" id="979869a9-0b93-4426-8e4c-29cfd423e171"/><con:assertion type="GroovyScriptAssertion" id="3fdaba57-a381-4801-82af-f491067a83ef" name="get and store response - Valid"><con:configuration><scriptText>import com.eviware.soapui.support.XmlHolder
//i am going to write a groovy script to capture the response and fetch the sessionID and stor it in test case/test suite level
//i have cretead a varibale called response
//i want to fetch the entire response and store it in this variable
def response = context.testCase.getTestStepByName('Login').getPropertyValue("Response")
//holder
//i want to store this entire response in a holder
//so that i can get a specify data and storeit again
def holder = new XmlHolder(response)
//get node value is used when i want to fetch a specific response data
def sess = holder.getNodeValue("//*:sessionId")
//i want to store this session id in test suite level sothat i can use it in all my test case
context.testCase.testSuite.setPropertyValue("sessionId",sess)
//can i store it in the test case
context.testCase.setPropertyValue("sessionId",sess)
//i want to access this acroos project level
context.testCase.testSuite.project.setPropertyValue("sessionId",sess)

log.info sess</scriptText></con:configuration></con:assertion><con:credentials><con:authType>No Authorization</con:authType></con:credentials><con:jmsConfig JMSDeliveryMode="PERSISTENT"/><con:jmsPropertyConfig/><con:wsaConfig mustUnderstand="NONE" version="200508"/><con:wsrmConfig version="1.2"/></con:request></con:config></con:testStep><con:testStep type="request" name="Find" id="ffd1f18e-2a46-461d-937f-a91201a76071"><con:settings/><con:config xsi:type="con:RequestStep" xmlns:xsi="http://www.w3.org/2001/XMLSchema-instance"><con:interface>ShoppingServiceSoapBinding</con:interface><con:operation>find</con:operation><con:request name="Find" id="8a783b39-0258-4edd-9d33-e6930fd9968a"><con:settings><con:setting id="com.eviware.soapui.impl.wsdl.WsdlRequest@request-headers">&lt;xml-fragment/></con:setting></con:settings><con:encoding>UTF-8</con:encoding><con:endpoint>http://LAPTOP-6DNV76IJ:8088/mockShoppingServiceSoapBinding</con:endpoint><con:request><![CDATA[<soapenv:Envelope xmlns:soapenv="http://schemas.xmlsoap.org/soap/envelope/" xmlns:ns="http://expertz.me/data/eCommerce/ShoppingService/1.0">\r
   <soapenv:Header/>\r
   <soapenv:Body>\r
      <ns:findRequest>\r
         <ns:sessionId>${#Project#sessionId}</ns:sessionId>\r
         <ns:findString>${Properties#findString}</ns:findString>\r
      </ns:findRequest>\r
   </soapenv:Body>\r
</soapenv:Envelope>]]></con:request><con:assertion type="SOAP Response" id="f95892ef-e662-48fb-ad8c-1e51741d79dd"/><con:assertion type="Schema Compliance" id="8540c9ee-a2db-4d6f-8537-d4275637d33e"><con:configuration/></con:assertion><con:assertion type="SOAP Fault Assertion" id="dda8f336-737c-4309-a788-1da04ff2212b"/><con:credentials><con:authType>No Authorization</con:authType></con:credentials><con:jmsConfig JMSDeliveryMode="PERSISTENT"/><con:jmsPropertyConfig/><con:wsaConfig mustUnderstand="NONE" version="200508"/><con:wsrmConfig version="1.2"/></con:request></con:config></con:testStep><con:testStep type="request" name="Purchase" id="6917880a-8a3e-42b9-8dcc-ceddc764cd67"><con:settings/><con:config xsi:type="con:RequestStep" xmlns:xsi="http://www.w3.org/2001/XMLSchema-instance"><con:interface>ShoppingServiceSoapBinding</con:interface><con:operation>purchase</con:operation><con:request name="Purchase" id="a9151167-2a77-4a2a-a51d-0a6eb4053a10"><con:settings><con:setting id="com.eviware.soapui.impl.wsdl.WsdlRequest@request-headers">&lt;xml-fragment/></con:setting></con:settings><con:encoding>UTF-8</con:encoding><con:endpoint>http://LAPTOP-6DNV76IJ:8088/mockShoppingServiceSoapBinding</con:endpoint><con:request><![CDATA[<soapenv:Envelope xmlns:soapenv="http://schemas.xmlsoap.org/soap/envelope/" xmlns:ns="http://expertz.me/data/eCommerce/ShoppingService/1.0">\r
   <soapenv:Header/>\r
   <soapenv:Body>\r
      <ns:purchaseRequest>\r
         <ns:sessionId>${#Project#sessionId}</ns:sessionId>\r
         <ns:purchaseItem>${Properties#findString}</ns:purchaseItem>\r
      </ns:purchaseRequest>\r
   </soapenv:Body>\r
</soapenv:Envelope>]]></con:request><con:assertion type="SOAP Response" id="794932fc-483a-4e6e-9752-e862427bf13a"/><con:assertion type="Schema Compliance" id="505e01d0-498c-4051-8b51-5f2fa0271a0d"><con:configuration/></con:assertion><con:assertion type="SOAP Fault Assertion" id="31693127-3183-4dd0-a637-4f748561c3eb"/><con:credentials><con:authType>No Authorization</con:authType></con:credentials><con:jmsConfig JMSDeliveryMode="PERSISTENT"/><con:jmsPropertyConfig/><con:wsaConfig mustUnderstand="NONE" version="200508"/><con:wsrmConfig version="1.2"/></con:request></con:config></con:testStep><con:testStep type="request" name="Logout" id="d37288df-3f6a-460a-a1d5-093fdd0c0a62"><con:settings/><con:config xsi:type="con:RequestStep" xmlns:xsi="http://www.w3.org/2001/XMLSchema-instance"><con:interface>ShoppingServiceSoapBinding</con:interface><con:operation>logout</con:operation><con:request name="Logout" id="128148d3-b15e-40bb-bad6-ffb0bb755e3e"><con:settings><con:setting id="com.eviware.soapui.impl.wsdl.WsdlRequest@request-headers">&lt;xml-fragment/></con:setting></con:settings><con:encoding>UTF-8</con:encoding><con:endpoint>http://LAPTOP-6DNV76IJ:8088/mockShoppingServiceSoapBinding</con:endpoint><con:request><![CDATA[<soapenv:Envelope xmlns:soapenv="http://schemas.xmlsoap.org/soap/envelope/" xmlns:ns="http://expertz.me/data/eCommerce/ShoppingService/1.0">\r
   <soapenv:Header/>\r
   <soapenv:Body>\r
      <ns:logoutRequest>\r
         <ns:sessionId>${#TestCase#sessionId}</ns:sessionId>\r
      </ns:logoutRequest>\r
   </soapenv:Body>\r
</soapenv:Envelope>]]></con:request><con:assertion type="SOAP Response" id="72cf44d1-db00-474b-8be8-89b21bf7b86a"/><con:assertion type="Schema Compliance" id="5f82be1f-829c-40d6-bfad-d6f5f6141f7b"><con:configuration/></con:assertion><con:assertion type="SOAP Fault Assertion" id="3d3798b0-42cd-428f-bf6e-239c37720d5e"/><con:credentials><con:authType>No Authorization</con:authType></con:credentials><con:jmsConfig JMSDeliveryMode="PERSISTENT"/><con:jmsPropertyConfig/><con:wsaConfig mustUnderstand="NONE" version="200508"/><con:wsrmConfig version="1.2"/></con:request></con:config></con:testStep><con:properties><con:property><con:name>sessionId</con:name><con:value>9191477523134186</con:value></con:property></con:properties></con:testCase><con:properties><con:property><con:name>sessionId</con:name><con:value>9191477523134186</con:value></con:property></con:properties></con:testSuite><con:testSuite id="dd5eedf3-258e-4880-9ba3-8b4186fb2964" name="System Test"><con:settings/><con:runType>SEQUENTIAL</con:runType><con:testCase id="b8af8a36-6713-44a2-aff6-c1319513ea3d" failOnError="true" failTestCaseOnErrors="true" keepSession="false" maxResults="0" name="System Testing" searchProperties="true"><con:settings/><con:testStep type="groovy" name="Execution1" id="cbf18494-b44a-4430-9491-6d1fe142e526"><con:settings/><con:config><script>import com.eviware.soapui.model.testsuite.TestRunner.Status

def tc = testRunner.testCase.testSuite.project.testSuites["ShoppingServiceTS"].testCases["Property Expansion Login and Logout"]

def username = tc.testSteps["Properties"].getPropertyValue("username")
log.info username

def runner = tc.run(null,false)

def teststeplist = tc.getTestStepList()


if(username!="Tanvi")
{
	log.info "Not a previlaged user "
	testRunner.gotoStepByName("Logout")
	log.info "Status: $runner.status "
	log.info "TimeTaken: $runner.timeTaken"
	//teststeplist.each
	//{
	//	def tsname = it.name
	//	log.info tsname
	//}
	log.info "Number of Steps executed is :" + runner.results.size()
	//log.info "Test executed :" + runner.results
		
}
else
{
	log.info "proceed to purchase"
	log.info "Status: $runner.status "
	log.info "TimeTaken: $runner.timeTaken"
	log.info "Number of Steps executed is :" + runner.results.size()
	//log.info "Test executed :" + runner.results
		
}</script></con:config></con:testStep><con:testStep type="groovy" name="Execute Property Expansion Login and Logout" id="7c3e2192-ad89-4f94-9f04-403a6f83e249"><con:settings/><con:config><script>import com.eviware.soapui.model.testsuite.TestRunner.Status

def tc = testRunner.testCase.testSuite.project.testSuites["ShoppingServiceTS"].testCases["Property Expansion Login and Logout"]
tc.testSteps["Properties"].setPropertyValue("username","Tanvi")
tc.testSteps["Properties"].setPropertyValue("password","Welcome1")
//this line will execute the entire testcase
def runner = tc.run(null,false)
def teststeplist = tc.getTestStepList()
//log.info TSL
//i want see the names of the my test steps
teststeplist.each
{
	def tsname = it.name
	log.info tsname
	//fetch the currect step which i am executing
	//log.info tc.getCurrentStep().name
}
//i want to know the status of my execution
//this will provide me the execution status
log.info "Status: $runner.status "
//This will provide me the time taken forexecution
log.info "TimeTaken: $runner.timeTaken"
//i want to know the number of steps executed
log.info "Number of Steps executed is :" + runner.results.size()
//Assert
assert runner.results.size()==6









</script></con:config></con:testStep><con:testStep type="groovy" name="System Testing" id="f0db8a20-7b2e-4fb9-b5e3-4f18a7a118e2"><con:settings/><con:config><script>import com.eviware.soapui.model.testsuite.TestRunner.Status
//From here i want to execute Script Based Execution
//if i want to run script based execution from here i have to use Test Runner
//coz it is in different test suite
def tc = testRunner.testCase.testSuite.project.testSuites["Shooping Service Functional"].testCases["Script Based Execution"]
tc.testSteps["username and password properties"].setPropertyValue("username","Niharika")
tc.testSteps["username and password properties"].setPropertyValue("password","Welcome12")
//i am running the entire test case by changing the data
//if you are running more then one step in testcase
//you have to say null means there is no context and false is coz i am not checking any condition
tc.run(null,false)
//i want to check what all the steps got executed
def teststeplist = tc.getTestStepList()
log.info teststeplist.size()
//log.info TSL
//i want see the names of the my test steps
teststeplist.each
{
	def tsname = it.name
	log.info tsname
	//fetch the currect step which i am executing
	//log.info tc.getCurrentStep().name
}</script></con:config></con:testStep><con:testStep type="groovy" name="Data Driven Testing" id="91129573-029c-420c-9ae2-599fe2d99b7d"><con:settings/><con:config><script>

//jxl is a jar which helps connect to the excel toread and write data for me
//since i am a tester i read data
import com.eviware.soapui.model.testsuite.TestRunner.Status
import jxl.*
def filepath = "C:/Users/Tanvi/Desktop/TestData.xls"
//where the file is to read
File Excel = new File(filepath)
//excelsheet basically it contains workbook and sheets
//i have to get the workbook
Workbook wb = Workbook.getWorkbook(Excel)
//i am trying to get the sheet
Sheet sh = wb.getSheet("Sheet1")
def row = sh.getRows().toInteger()
def column = sh.getColumns().toInteger()
log.info "The number of rows are $row "
log.info "The Number of column are $column"
def username, password
for(def i=0;i&lt;row;i++)
{
	for(def j=0;j&lt;column;j++)
	{
		if(j==0)
		{
			username = sh.getCell(j,i).getContents()
		}
		else
		{
			password = sh.getCell(j,i).getContents()
		}
	}
	

	def tc = testRunner.testCase.testSuite.project.testSuites["ShoppingServiceTS"].testCases["Property Expansion Login and Logout"]
	tc.testSteps["Properties"].setPropertyValue("username",username)
	tc.testSteps["Properties"].setPropertyValue("password",password)
//this line will execute the entire testcase
	def runner = tc.run(null,false)
	def teststeplist = tc.getTestStepList()
//log.info TSL
//i want see the names of the my test steps
	teststeplist.each
	{
		def tsname = it.name
		log.info tsname
	//fetch the currect step which i am executing
	//log.info tc.getCurrentStep().name
	}
//i want to know the status of my execution
//this will provide me the execution status
	log.info "Status: $runner.status "
//This will provide me the time taken forexecution
	log.info "TimeTaken: $runner.timeTaken"
//i want to know the number of steps executed
	log.info "Number of Steps executed is :" + runner.results.size()
//Assert
	assert runner.results.size()==6


}
</script></con:config></con:testStep><con:properties/></con:testCase><con:properties/></con:testSuite><con:mockService port="8088" path="/mockShoppingService" host="chethan-PC" name="ShoppingServiceSoapBinding MockService" bindToHostOnly="false" docroot="" id="c2cde885-0264-473a-b01e-261590b71171"><con:settings><con:setting id="com.eviware.soapui.impl.wsdl.mock.WsdlMockService@require-soap-action">false</con:setting></con:settings><con:mockOperation name="find" interface="ShoppingServiceSoapBinding" operation="find" id="ac35308c-cfa9-41a8-b24d-24d335a786e3"><con:settings/><con:dispatchPath>// Util variables to access the xml data
def groovyUtils = new com.eviware.soapui.support.GroovyUtils( context )
def holder = groovyUtils.getXmlHolder( mockRequest.requestContent )

// Get the session ID
def sessionid = holder.getNodeValue( "//*:sessionId" )

// check if its a valid session
if( !context.hasProperty( sessionid )){
	// If not a valid session ID, set the relevant fault message
	requestContext.faultCode = 'APP006'
	requestContext.faultShortDesc = 'Invalid Session'
	requestContext.faultCausedBy = 'Auth System'
	requestContext.faultDesc = 'Invalid Session ID. Session does not exist or has timed out.'
	return "Fault Find"
}

// Get the query string
def itemDesc = holder.getNodeValue( "//*:findString" )

// This is our item list. Feel free to add more items if you want...
def itemList = [ : ]
itemList["Android Tablet"] = [id:1, desc: "Android Tablet", price: "40 GBP" ,stockStatus: "100", expectedDelivery: "30-JUL-2012"]
itemList["iPad v1"] = [id:2, desc: "iPad v1", price: "540 GBP"  ,stockStatus: "50", expectedDelivery: "30-JUL-2012"]
itemList["iPad v2"] = [id:3, desc: "iPad v2", price: "800 GBP"  ,stockStatus: "10", expectedDelivery: "30-AUG-2012"]


//def itemList = context.getProperty("itemList")

// Check if we have an item with the same description as the search string
if(itemList.containsKey(itemDesc)){
	// Populate item details and send success message
	def item = itemList[itemDesc]
	requestContext.itemId = item.id
	requestContext.itemDescription = item.desc
	requestContext.itemPrice = item.price
	return "Successful Find"
}

// We couldn't find a particular item for the search. 
//In the demo we don't support generic queries. So send a fault message
requestContext.faultCode = 'APP007'
requestContext.faultShortDesc = 'Invalid Query'
requestContext.faultCausedBy = 'Search System'
requestContext.faultDesc = 'In the demo we do not support generic queries and we could not find any items with the given string!!!'
return "Fault Find"
</con:dispatchPath><con:dispatchStyle>SCRIPT</con:dispatchStyle><con:defaultResponse>Response 1</con:defaultResponse><con:response name="Successful Find" encoding="UTF-8" id="45139f3a-0bc7-4edd-bf76-c2bfba8f8c06" httpResponseStatus="200"><con:settings/><con:responseContent><![CDATA[<soapenv:Envelope xmlns:soapenv="http://schemas.xmlsoap.org/soap/envelope/" xmlns:ns="http://expertz.me/data/eCommerce/ShoppingService/1.0">
   <soapenv:Header/>
   <soapenv:Body>
      <ns:findResponse>
         <ns:item>
            <ns:id>${itemId}</ns:id>
            <ns:description>${itemDescription}</ns:description>
            <ns:price>${itemPrice}</ns:price>
         </ns:item>
      </ns:findResponse>
   </soapenv:Body>
</soapenv:Envelope>]]></con:responseContent><con:wsaConfig mustUnderstand="NONE" version="200508" action="http://expertz.me/service/eCommerce/ShoppingService/1.0/find"/></con:response><con:response name="Fault Find" encoding="UTF-8" id="0e90d774-fd26-42a5-a407-a17f17bde7aa" httpResponseStatus="200"><con:settings/><con:responseContent><![CDATA[<soapenv:Envelope xmlns:soapenv="http://schemas.xmlsoap.org/soap/envelope/">
  <soapenv:Body>
    <soapenv:Fault>
      <faultcode>${faultCode}</faultcode>
      <faultstring xml:lang="en-US">${faultShortDesc}</faultstring>
      <!--Optional:-->
      <faultactor>${faultCausedBy}</faultactor>
      <!--Optional:-->
      <detail>
      ${faultDesc}
        <!--You may enter ANY elements at this point-->
      </detail>
    </soapenv:Fault>
  </soapenv:Body>
</soapenv:Envelope>]]></con:responseContent><con:wsaConfig mustUnderstand="NONE" version="200508" action="http://expertz.me/service/eCommerce/ShoppingService/1.0/find"/></con:response><con:dispatchConfig/></con:mockOperation><con:mockOperation name="login" interface="ShoppingServiceSoapBinding" operation="login" id="558d8e6c-b261-4e2d-9d6d-e0544fff68b0"><con:settings/><con:dispatchPath>// Initialize Util classes to retrieve XML value
def groovyUtils = new com.eviware.soapui.support.GroovyUtils( context )
def holder = groovyUtils.getXmlHolder( mockRequest.requestContent )

// Get the username and Password values provided
def username = holder.getNodeValue( "//*:username" )
def password = holder.getNodeValue( "//*:password" )

// validate by checking that the User is not already logged in
// Username is of required length and Password doesn't end with 123!!!
if( context.hasProperty( username )  || username.length() > 10 || username.length() &lt; 3 || password.endsWith( "123" )){
	// If user is already loggged in, set different fault codes compared to others
	if(context.hasProperty( username )){
		requestContext.faultCode = 'APP001'
		requestContext.faultShortDesc = 'Already Logged In'
		requestContext.faultCausedBy = 'Auth System'
		requestContext.faultDesc = 'User is already logged in. If you want to login as another user logout first'
	}
	else{
		// Set relevant error code and desc. For the demo, we will keep it simple
		requestContext.faultCode = 'APP002'
		requestContext.faultShortDesc = 'Invalid Login Credentials'
		requestContext.faultCausedBy = 'Auth System'
		requestContext.faultDesc = 'Invalid Login Credentials. Please try again.'
	}
	// Specify which response to send back
	return "Fault Login"	
}

// Seems like a valid request, so generate session ID
// Note that we don't do password verification in the demo
def sessionid = String.valueOf( Math.random() ).substring( 2 )

// Set the user name and session ID as valid sessions and logged in user in context
// This helps in looking up to see if the user is logged in or if this is a valid session ID
context.setProperty( username, sessionid )
context.setProperty( sessionid, username )

requestContext.sessionid = sessionid
return "Successful Login"
</con:dispatchPath><con:dispatchStyle>SCRIPT</con:dispatchStyle><con:defaultResponse>Fault Login</con:defaultResponse><con:response name="Successful Login" encoding="UTF-8" id="341ce377-08aa-4866-bfe9-3d3960f21ca1" httpResponseStatus="200"><con:settings/><con:responseContent><![CDATA[<soapenv:Envelope xmlns:soapenv="http://schemas.xmlsoap.org/soap/envelope/" xmlns:ns="http://expertz.me/data/eCommerce/ShoppingService/1.0">
   <soapenv:Header/>
   <soapenv:Body>
      <ns:sessionId>${sessionid}</ns:sessionId>
   </soapenv:Body>
</soapenv:Envelope>]]></con:responseContent><con:wsaConfig mustUnderstand="NONE" version="200508" action="http://expertz.me/service/eCommerce/ShoppingService/1.0/login"/></con:response><con:response name="Fault Login" encoding="UTF-8" id="90bad1d6-37d2-4248-93a0-680de4e0a5a4" httpResponseStatus="200"><con:settings/><con:responseContent><![CDATA[<soapenv:Envelope xmlns:soapenv="http://schemas.xmlsoap.org/soap/envelope/" xmlns:ns="http://expertz.me/data/eCommerce/ShoppingService/1.0">
  <soapenv:Body>
    <soapenv:Fault>
      <faultcode>${faultCode}</faultcode>
      <faultstring xml:lang="en-US">${faultShortDesc}</faultstring>
      <!--Optional:-->
      <faultactor>${faultCausedBy}</faultactor>
      <!--Optional:-->
      <detail>
        <ns:faultMessage>${faultDesc}</ns:faultMessage>
        <!--You may enter ANY elements at this point-->
      </detail>
    </soapenv:Fault>
  </soapenv:Body>
</soapenv:Envelope>
]]></con:responseContent><con:wsaConfig mustUnderstand="NONE" version="200508" action="http://expertz.me/service/eCommerce/ShoppingService/1.0/login"/></con:response><con:dispatchConfig/></con:mockOperation><con:mockOperation name="logout" interface="ShoppingServiceSoapBinding" operation="logout" id="a592f97a-60a7-47b2-8e19-14d4abd2b47b"><con:settings/><con:dispatchPath>// Util variables to access the xml data
def groovyUtils = new com.eviware.soapui.support.GroovyUtils( context )
def holder = groovyUtils.getXmlHolder( mockRequest.requestContent )

// Get the session ID
def sessionid = holder.getNodeValue( "//*:sessionId" )

// check if its a valid session
if( !context.hasProperty( sessionid )){
	// If not a valid session ID, set the relevant fault message
	requestContext.faultCode = 'APP003'
	requestContext.faultShortDesc = 'Invalid Session'
	requestContext.faultCausedBy = 'Auth System'
	requestContext.faultDesc = 'Invalid Session ID. Session does not exist or has timed out.'
	return "Fault Logout"
}

// logout from the system by removing the relevant context
context.removeProperty( context.getProperty( sessionid ))
context.removeProperty( sessionid )
requestContext.logoutMessage = "Successfully logged out of the system."

return "Successful Logout"
</con:dispatchPath><con:dispatchStyle>SCRIPT</con:dispatchStyle><con:defaultResponse>Response 1</con:defaultResponse><con:response name="Successful Logout" encoding="UTF-8" id="5f27e547-094a-4050-956a-2fe07b0ee92c" httpResponseStatus="200"><con:settings/><con:responseContent><![CDATA[<soapenv:Envelope xmlns:soapenv="http://schemas.xmlsoap.org/soap/envelope/" xmlns:ns="http://expertz.me/data/eCommerce/ShoppingService/1.0">
   <soapenv:Header/>
   <soapenv:Body>
      <ns:logoutResponse>
         <ns:logoutMessage>${logoutMessage}</ns:logoutMessage>
      </ns:logoutResponse>
   </soapenv:Body>
</soapenv:Envelope>]]></con:responseContent><con:wsaConfig mustUnderstand="NONE" version="200508" action="http://expertz.me/service/eCommerce/ShoppingService/1.0/logout"/></con:response><con:response name="Fault Logout" encoding="UTF-8" id="5e354b8c-a4d0-4f61-b28a-06f9bbb05af3" httpResponseStatus="200"><con:settings/><con:responseContent><![CDATA[<soapenv:Envelope xmlns:soapenv="http://schemas.xmlsoap.org/soap/envelope/">
  <soapenv:Body>
    <soapenv:Fault>
      <faultcode>${faultCode}</faultcode>
      <faultstring xml:lang="en-US">${faultShortDesc}</faultstring>
      <!--Optional:-->
      <faultactor>${faultCausedBy}</faultactor>
      <!--Optional:-->
      <detail>
      ${faultDesc}
        <!--You may enter ANY elements at this point-->
      </detail>
    </soapenv:Fault>
  </soapenv:Body>
</soapenv:Envelope>]]></con:responseContent><con:wsaConfig mustUnderstand="NONE" version="200508" action="http://expertz.me/service/eCommerce/ShoppingService/1.0/logout"/></con:response><con:dispatchConfig/></con:mockOperation><con:mockOperation name="purchase" interface="ShoppingServiceSoapBinding" operation="purchase" id="ebd3022a-5a13-46c7-8c81-4d9555a23c5c"><con:settings/><con:dispatchPath>// Util variables to access the xml data
def groovyUtils = new com.eviware.soapui.support.GroovyUtils( context )
def holder = groovyUtils.getXmlHolder( mockRequest.requestContent )

// Get the session ID
def sessionid = holder.getNodeValue( "//*:sessionId" )

// check if its a valid session
if( !context.hasProperty( sessionid )){
	// If not a valid session ID, set the relevant fault message
	requestContext.faultCode = 'APP010'
	requestContext.faultShortDesc = 'Invalid Session'
	requestContext.faultCausedBy = 'Auth System'
	requestContext.faultDesc = 'Invalid Session ID. Session does not exist or has timed out.'
	return "Fault Find"
}

// Get the query string
def itemDesc = holder.getNodeValue( "//*:purchaseItem" )

// This is our item list. Feel free to add more items if you want...
def itemList = [ : ]
itemList["Android Tablet"] = [id:1, desc: "Android Tablet", price: "40 GBP" ,stockStatus: "100", expectedDelivery: "30-JUL-2012"]
itemList["iPad v1"] = [id:2, desc: "iPad v1", price: "540 GBP"  ,stockStatus: "50", expectedDelivery: "30-JUL-2012"]
itemList["iPad v2"] = [id:3, desc: "iPad v2", price: "800 GBP"  ,stockStatus: "10", expectedDelivery: "30-AUG-2012"]


//def itemList = context.getProperty("itemList")

// Check if we have an item with the same description as the search string
if(itemList.containsKey(itemDesc)){
	// Populate item details and send success message
	def item = itemList[itemDesc]
	requestContext.itemId = item.id
	requestContext.itemStockStatus = item.stockStatus
	requestContext.itemExpectedDelivery = item.expectedDelivery
	return "Successful Purchase"
}

// We couldn't find a particular item for the search. 
//In the demo we don't support generic queries. So send a fault message
requestContext.faultCode = 'APP011'
requestContext.faultShortDesc = 'Invalid Item'
requestContext.faultCausedBy = 'Purchase System'
requestContext.faultDesc = 'In the demo we do not support bulk buys or add to cart kind of operations. We could not find any items with the given name!!!'
return "Fault Purchase"
</con:dispatchPath><con:dispatchStyle>SCRIPT</con:dispatchStyle><con:defaultResponse>Response 1</con:defaultResponse><con:response name="Successful Purchase" encoding="UTF-8" id="19fce37c-c133-4d7b-8acb-f1bfd4f1f7c6" httpResponseStatus="200"><con:settings/><con:responseContent><![CDATA[<soapenv:Envelope xmlns:soapenv="http://schemas.xmlsoap.org/soap/envelope/" xmlns:ns="http://expertz.me/data/eCommerce/ShoppingService/1.0">
   <soapenv:Header/>
   <soapenv:Body>
      <ns:purchaseResponse>
         <ns:purchaseStatus>
            <ns:id>${itemId}</ns:id>
            <ns:stockStatus>${itemStockStatus}</ns:stockStatus>
            <ns:expectedDelivery>${itemExpectedDelivery}</ns:expectedDelivery>
         </ns:purchaseStatus>
      </ns:purchaseResponse>
   </soapenv:Body>
</soapenv:Envelope>]]></con:responseContent><con:wsaConfig mustUnderstand="NONE" version="200508" action="http://expertz.me/service/eCommerce/ShoppingService/1.0/purchase"/></con:response><con:response name="Fault Purchase" encoding="UTF-8" id="08965011-cf3b-41ee-9d9c-887dad7af5d4" httpResponseStatus="200"><con:settings/><con:responseContent><![CDATA[<soapenv:Envelope xmlns:soapenv="http://schemas.xmlsoap.org/soap/envelope/">
  <soapenv:Body>
    <soapenv:Fault>
      <faultcode>${faultCode}</faultcode>
      <faultstring xml:lang="en-US">${faultShortDesc}</faultstring>
      <!--Optional:-->
      <faultactor>${faultCausedBy}</faultactor>
      <!--Optional:-->
      <detail>
      	${faultDesc}
        <!--You may enter ANY elements at this point-->
      </detail>
    </soapenv:Fault>
  </soapenv:Body>
</soapenv:Envelope>]]></con:responseContent><con:wsaConfig mustUnderstand="NONE" version="200508" action="http://expertz.me/service/eCommerce/ShoppingService/1.0/purchase"/></con:response><con:dispatchConfig/></con:mockOperation><con:startScript>/*
def itemList = [ : ]
itemList["Android Tablet"] = [id:1, desc: "Android Tablet", price: "40 GBP" ]
itemList["iPad v1"] = [id:2, desc: "iPad v1", price: "540 GBP" ]
itemList["iPad v2"] = [id:3, desc: "iPad v2", price: "800 GBP" ]

context.setProperty("itemList", itemList)
*/</con:startScript><con:properties/></con:mockService><con:properties><con:property><con:name>sessionId</con:name><con:value>9191477523134186</con:value></con:property></con:properties><con:wssContainer/><con:oAuth2ProfileContainer/><con:oAuth1ProfileContainer/></con:soapui-project>